LBP_0,LBP_1,LBP_2,LBP_3,LBP_4,LBP_5,LBP_6,LBP_7,LBP_8,LBP_9,Labels
0.13642327,0.20839489,0.15776353,0.3718586,0.6598799,0.3984848,0.21076593,0.17608806,0.17894976,0.27038527,4
0.12369675,0.2290888,0.13758512,0.28466982,0.38331103,0.3684523,0.20412488,0.2500022,0.5519133,0.37521994,9
0.11301201,0.15621437,0.1612185,0.38390276,0.5928157,0.39232653,0.24396423,0.23591356,0.30576953,0.27465153,2
0.13144952,0.26909378,0.15757696,0.26924914,0.40529647,0.37556893,0.17120075,0.26904994,0.47875506,0.4204315,9
0.10046819,0.18678002,0.1895591,0.37600595,0.6375038,0.4050308,0.23259068,0.19866891,0.25601903,0.21938969,2
0.10806624,0.2275149,0.17818244,0.33929202,0.6632582,0.398454,0.16580473,0.21006788,0.2171164,0.26880166,4
0.12942281,0.2267382,0.129396,0.24517472,0.35058826,0.32152033,0.17516057,0.24611373,0.635521,0.3654558,9
0.106000364,0.1974703,0.18380499,0.38876837,0.5369438,0.45349425,0.25647536,0.19559906,0.3119414,0.26369035,2
0.11096411,0.20525724,0.15205276,0.3316086,0.66870004,0.40065733,0.23661682,0.16859612,0.1872793,0.29206204,4
0.14027566,0.23981176,0.12757884,0.21410722,0.41874516,0.33982378,0.18013594,0.26404944,0.5635485,0.38743913,9
0.12036122,0.15221186,0.18165332,0.39983237,0.55772007,0.4194803,0.2231934,0.23286569,0.30843973,0.288598,2
0.11299681,0.23340583,0.15109518,0.26196602,0.70830494,0.36332643,0.2231182,0.17337675,0.20324291,0.29401803,4
0.13272057,0.20499317,0.14051293,0.31943005,0.41298994,0.29695532,0.2099397,0.29746056,0.5056108,0.4142954,9
0.103132874,0.19451623,0.19717777,0.39817464,0.5852684,0.3795827,0.2623843,0.22809023,0.2512973,0.28889772,2
0.12958191,0.20647344,0.13734573,0.29141453,0.6767813,0.38629815,0.22987536,0.18125977,0.2012107,0.32147813,4
0.1263805,0.2236031,0.12916692,0.2717217,0.34430513,0.3869677,0.2033095,0.27009818,0.59081227,0.33447847,9
0.09492123,0.16480726,0.20298125,0.39968306,0.5981903,0.4327984,0.23806196,0.18528233,0.2431994,0.2599725,2
0.1534863,0.17576082,0.15187617,0.3250835,0.67362636,0.37635994,0.25008345,0.19479862,0.20597671,0.2801259,4
0.12523651,0.23032035,0.1451987,0.2682932,0.42013556,0.3355763,0.21223465,0.25075436,0.50539935,0.43096328,9
0.07848238,0.20018847,0.15101609,0.4290163,0.5863154,0.4035005,0.22426616,0.223894,0.24536504,0.2823084,2
0.12542598,0.23578928,0.15463352,0.30260244,0.69294155,0.33887973,0.225597,0.2235167,0.20907852,0.27132452,4
0.13966967,0.22316076,0.10749873,0.35081184,0.3966015,0.3574351,0.14429933,0.29321378,0.5000601,0.3926287,9
0.092601135,0.16328695,0.15029065,0.39205003,0.65922654,0.3887002,0.23569447,0.21567513,0.21265148,0.23561881,2
0.12951764,0.22538759,0.15916806,0.2752456,0.68030155,0.38967836,0.23090835,0.1956809,0.18925825,0.29873604,4
0.15709895,0.22433667,0.1374576,0.26792958,0.44498605,0.33234197,0.18781841,0.2449547,0.5200551,0.40014058,9
0.10212585,0.13978055,0.15302253,0.40922788,0.6230012,0.43622583,0.19564418,0.22493604,0.22909644,0.24365287,2
0.15040752,0.24761857,0.17501123,0.332499,0.6129666,0.38021874,0.2537058,0.19514292,0.22162439,0.32096547,4
0.111198515,0.2451972,0.13124774,0.31295064,0.37057802,0.36702883,0.20411237,0.25828645,0.5166391,0.40622795,9
0.0761342,0.17127664,0.15646641,0.4136246,0.61078024,0.41430834,0.24367943,0.21664791,0.23958004,0.24674328,2
0.12473837,0.1981005,0.19318584,0.34523475,0.624179,0.4187056,0.2531764,0.19299799,0.19479127,0.29066235,4
0.11798213,0.20203947,0.112287916,0.3154821,0.34204197,0.36617032,0.22381662,0.25584805,0.54889476,0.40646255,9
0.090451606,0.15288185,0.14663982,0.40427023,0.63281024,0.38039276,0.22229,0.22601956,0.25381938,0.27099574,2
0.13119464,0.21651773,0.15411976,0.3886954,0.5709423,0.43443555,0.22126499,0.23843665,0.20765999,0.3121359,4
0.10087254,0.19483474,0.14869687,0.3131097,0.31189853,0.36671135,0.21542506,0.2664101,0.60178655,0.34702787,9
0.10460371,0.17263506,0.13920079,0.42427096,0.58569485,0.34416017,0.26821333,0.2505748,0.27129966,0.3000971,2
0.09561246,0.2211297,0.17189428,0.38450068,0.610132,0.43089598,0.1910452,0.23632146,0.20485374,0.26893878,4
0.10643895,0.22229065,0.117937714,0.29031274,0.3567244,0.37576503,0.2090496,0.26657513,0.5670668,0.36916965,9
0.110879324,0.15037797,0.15883452,0.39754495,0.6126574,0.36678392,0.25604814,0.2342648,0.26193944,0.28790498,2
0.11180495,0.21501538,0.16386446,0.3597385,0.6316081,0.42156085,0.20757039,0.21082081,0.20392294,0.28150824,4
0.11454603,0.252176,0.11163511,0.28804728,0.3572318,0.3967421,0.1924211,0.31549117,0.50941825,0.38310102,9
0.10791772,0.16930486,0.15258074,0.38638923,0.57155967,0.37108406,0.249948,0.21878396,0.3418332,0.30909202,2
0.08651105,0.18081798,0.111495994,0.3247575,0.6453224,0.45892575,0.21304843,0.1817252,0.26533085,0.2570096,4
0.12091222,0.18943103,0.10121235,0.26152995,0.3478742,0.37064517,0.16185029,0.28319156,0.616868,0.3543175,9
0.079011895,0.14787991,0.14826018,0.37976664,0.6419071,0.38353118,0.23516299,0.18784197,0.2677733,0.29026738,2
0.11616018,0.19156186,0.14341041,0.3461755,0.68133247,0.36995304,0.21090892,0.24240014,0.18286939,0.26766747,4
0.13199945,0.22174947,0.110341504,0.26504385,0.3892929,0.335918,0.21796018,0.2857069,0.5662446,0.3698945,9
0.06478088,0.14879443,0.07097931,0.34095272,0.71739995,0.40542778,0.17594467,0.1390074,0.29487142,0.19003598,1
0.07717363,0.20313524,0.1611326,0.39716208,0.57640576,0.42369184,0.2562717,0.20758662,0.28530705,0.25913882,2
0.1043916,0.2094771,0.15997663,0.31566754,0.6805847,0.3499877,0.23564406,0.21213728,0.21279855,0.2974604,4
0.12286084,0.19246742,0.09117011,0.30620956,0.3247617,0.353122,0.21010852,0.31922624,0.5607803,0.39382038,9
0.07341769,0.12724851,0.11027206,0.3453723,0.70503885,0.41793635,0.17340817,0.1562349,0.2666337,0.2228267,1
0.09353377,0.14696215,0.13717546,0.37227583,0.6377144,0.3949935,0.20993774,0.19611895,0.28520286,0.29269522,2
0.10389312,0.27584332,0.14119345,0.28428724,0.652415,0.35871232,0.25753996,0.22672969,0.22932214,0.2961759,4
0.12980972,0.2085698,0.123235404,0.25990143,0.32279968,0.34401065,0.21034503,0.27909753,0.58581567,0.41115558,9
0.070663325,0.18710245,0.14893357,0.38345903,0.6282683,0.36160368,0.24686155,0.194323,0.2767856,0.2999778,2
0.1261321,0.21215893,0.1560565,0.30440733,0.67817384,0.40346572,0.21834183,0.2057213,0.21523596,0.25107095,4
0.10593333,0.19558005,0.1081316,0.26897636,0.32661253,0.3385041,0.22385998,0.27848804,0.6403958,0.32779476,9
0.0672974,0.12403049,0.10359146,0.41339034,0.69439244,0.41839632,0.16411448,0.157217,0.21331167,0.2099424,1
0.08150066,0.15034002,0.14486068,0.41521057,0.6412458,0.37833497,0.25668174,0.19262543,0.26540884,0.22272332,2
0.096881546,0.3010618,0.11769422,0.30207703,0.6685264,0.36888,0.19596864,0.2789678,0.19464411,0.24033335,4
0.12465802,0.18385,0.1014088,0.25323978,0.2890308,0.35581666,0.19044864,0.2856184,0.62094563,0.40333495,9
0.07356343,0.15063581,0.07928698,0.39704353,0.67903054,0.45126587,0.16315109,0.16422692,0.22590524,0.1965247,1
0.08270621,0.16816406,0.13577035,0.41759658,0.6248815,0.4291328,0.22133753,0.22958794,0.23939373,0.19600512,2
0.09690168,0.21750021,0.16591749,0.33658668,0.6765012,0.3667033,0.204044,0.23205388,0.18778977,0.28215495,4
0.11753833,0.2093939,0.10878242,0.24094659,0.30015287,0.34367117,0.18509561,0.29070163,0.6307497,0.3842336,9
0.07628584,0.16158651,0.09789469,0.32539564,0.72963524,0.41410348,0.17830175,0.15667713,0.19616795,0.2322374,1
0.102552086,0.17475225,0.15656713,0.32868224,0.6936715,0.3830622,0.22415097,0.19372502,0.2010966,0.26508436,2
0.11043468,0.24218851,0.16242227,0.3385223,0.63687533,0.40244442,0.25503948,0.20599724,0.20092076,0.26972178,4
0.13034298,0.2179769,0.09670369,0.23330073,0.31774276,0.33187068,0.19768992,0.2604485,0.6413162,0.37738076,9
0.075510465,0.1584123,0.113367625,0.37956434,0.6665748,0.44078282,0.16812727,0.1835946,0.22542667,0.24673894,1
0.11037695,0.16446123,0.13008843,0.39047524,0.6800645,0.34767395,0.22876438,0.16391572,0.20882379,0.2918934,2
0.12532832,0.20662227,0.17957084,0.312732,0.6342618,0.41425514,0.17545465,0.24392715,0.23669074,0.302242,4
0.12294744,0.17587316,0.105276115,0.25564203,0.27461597,0.33453497,0.16413839,0.25777465,0.67349476,0.37842408,9
0.08386649,0.14010452,0.12910435,0.4146669,0.6551376,0.41310555,0.15459973,0.186965,0.23475172,0.2662587,1
0.07810025,0.15855183,0.16974273,0.4135848,0.64943695,0.38970774,0.23409362,0.18635488,0.19457293,0.26051795,2
0.1307694,0.21812092,0.17635657,0.3124366,0.6128039,0.38257575,0.25772566,0.23132552,0.26885372,0.30413023,4
0.11277871,0.19357279,0.11750737,0.23783565,0.29746324,0.3281218,0.16325471,0.25681168,0.6744125,0.36858097,9
0.08488967,0.14381412,0.12966926,0.37993053,0.6808025,0.43818218,0.19318447,0.18559156,0.19128376,0.2170256,1
0.07574856,0.18178526,0.16153772,0.40729716,0.64743125,0.39813635,0.22294496,0.21531564,0.17842868,0.25228772,2
0.11424128,0.17598061,0.17894125,0.3411615,0.6217131,0.3854537,0.25471494,0.21453737,0.26945177,0.29825595,4
0.1356296,0.17872615,0.09644766,0.24083439,0.3248268,0.35215515,0.16183633,0.27910304,0.64720225,0.36037785,9
0.076240584,0.15958728,0.15857284,0.3646459,0.66776586,0.4287442,0.15837666,0.20749779,0.225559,0.2487151,1
0.09187899,0.1810489,0.13914728,0.37849006,0.6589608,0.36184984,0.23638062,0.18974513,0.24878596,0.2778933,2
0.095130965,0.2113696,0.17595397,0.32257903,0.6323908,0.3836657,0.2132408,0.21028839,0.29399037,0.29667372,4
0.124804474,0.18251851,0.11114444,0.25490826,0.28036696,0.36082843,0.20689118,0.24652413,0.644528,0.3820763,9
0.09717368,0.15073086,0.1376696,0.41779456,0.635754,0.41664377,0.1822014,0.22394258,0.22161496,0.2531726,1
0.09987255,0.16662152,0.12622185,0.41318312,0.622557,0.4356716,0.20923352,0.20287871,0.22596529,0.24944882,2
0.11859021,0.2077963,0.083152115,0.24550173,0.28122112,0.3035173,0.1603472,0.26729438,0.6808032,0.3790952,9
0.114039786,0.13770019,0.13343291,0.4323535,0.6470083,0.3682126,0.1969035,0.22594851,0.22529668,0.2617578,1
0.108639374,0.1620855,0.15338868,0.4091486,0.65302515,0.36583728,0.21860243,0.2019166,0.21998578,0.2715975,2
0.10195868,0.2097628,0.15529686,0.40665475,0.5493235,0.3940973,0.253785,0.19800234,0.30158216,0.32324314,4
0.118608445,0.180176,0.10857783,0.2566571,0.28884342,0.34458345,0.20128086,0.27860507,0.64371866,0.37567255,9
0.094457045,0.16864,0.1203686,0.4234482,0.64608,0.41171795,0.13409276,0.20976627,0.22357975,0.2644611,1
0.09806632,0.17173497,0.16552761,0.33867088,0.6652883,0.39938778,0.20262384,0.20107323,0.20765409,0.30342457,2
0.085966095,0.21660359,0.14544903,0.3282964,0.5527157,0.46085,0.24220318,0.22045143,0.2887251,0.32902563,4
0.11969375,0.19286859,0.09308305,0.2575488,0.21645701,0.34023258,0.14854269,0.22603574,0.7009891,0.38252398,9
0.10990633,0.16043058,0.13718268,0.40240008,0.6832359,0.32069492,0.19898155,0.20250963,0.22445454,0.2842493,1
0.12787142,0.15882136,0.17188731,0.3203233,0.6936734,0.37236956,0.2013033,0.22440004,0.21602233,0.26246223,2
0.11954444,0.1947842,0.12962008,0.32849938,0.5779587,0.43346828,0.2442904,0.23468618,0.2672226,0.3390587,4
0.11611326,0.17314875,0.09307822,0.23523034,0.25606865,0.35768363,0.17083006,0.21837363,0.68479407,0.39143166,9
0.096498184,0.15587091,0.13801211,0.37322223,0.68528384,0.40248325,0.21389844,0.18899024,0.20212121,0.23263852,1
0.088519275,0.16573566,0.15164956,0.33279634,0.6865698,0.37562996,0.21137318,0.21178293,0.1975181,0.29987478,2
0.111959554,0.15436538,0.15368313,0.29195884,0.5538567,0.4661597,0.2563899,0.21313383,0.33273795,0.32990834,4
0.11782774,0.16588683,0.08918419,0.25562868,0.30137002,0.32372928,0.16580448,0.22133954,0.67237175,0.40138224,9
0.083016865,0.16149502,0.11785569,0.314603,0.7128629,0.37542087,0.16863985,0.21261986,0.23241988,0.27817735,1
0.121373355,0.14197707,0.15424304,0.30904332,0.6989023,0.40362546,0.19783473,0.19814445,0.23297173,0.248513,2
0.09522968,0.23926288,0.12822056,0.24471633,0.666632,0.34270585,0.19004725,0.24502693,0.33749577,0.29232347,4
0.1321711,0.16050313,0.07985312,0.2749346,0.28335097,0.3536054,0.1721831,0.21733719,0.66664374,0.38494548,9
0.10023606,0.13855267,0.13110559,0.32600772,0.7097327,0.38995677,0.1660132,0.19157557,0.2272917,0.27491152,1
0.08501097,0.162687,0.13068528,0.34551707,0.72535884,0.3561549,0.1680518,0.17672731,0.23786235,0.24657902,2
0.10727969,0.17966129,0.10082019,0.29778045,0.6076283,0.43484244,0.22030337,0.24384269,0.30760723,0.31057966,4
0.10984073,0.18986174,0.11716458,0.27785614,0.27435356,0.34437957,0.1535224,0.24672408,0.6542287,0.39323255,9
0.09104546,0.17497155,0.13186929,0.3382155,0.7074094,0.37294024,0.16904593,0.22196749,0.2246146,0.24800453,1
0.10473962,0.13782889,0.12886983,0.33494768,0.7185146,0.3536312,0.2190205,0.17744595,0.27176324,0.21588174,2
0.088418804,0.17330013,0.12837106,0.30174068,0.6103458,0.40451258,0.23262614,0.19857328,0.34406593,0.32640854,4
0.117718145,0.20468609,0.121476464,0.31354627,0.30884993,0.3443652,0.22407037,0.28901747,0.5972238,0.35607272,9
0.0958589,0.16476652,0.14198755,0.33319658,0.67563397,0.4308014,0.17869854,0.19418205,0.24359441,0.24785799,1
0.09426091,0.1453427,0.11385722,0.30639622,0.6864735,0.40205282,0.19615108,0.22681177,0.25114653,0.2779614,2
0.099474534,0.15038355,0.11571727,0.3350521,0.5911874,0.49441957,0.23289561,0.18307051,0.28667977,0.2791872,4
0.11410568,0.19411685,0.10761128,0.2723949,0.30878866,0.34211972,0.21364418,0.23243238,0.65430284,0.35120106,9
0.11749895,0.19037266,0.10945081,0.2878005,0.32865927,0.30584097,0.19680515,0.3013484,0.6172553,0.37820745,9
0.09312961,0.1963756,0.111548744,0.31361592,0.6634892,0.40408832,0.19875762,0.21839689,0.28677893,0.26270914,1
0.11731184,0.23412085,0.10277994,0.3159911,0.3094243,0.31427205,0.21743149,0.3098298,0.5866926,0.37285608,9
0.105053514,0.1632563,0.17282327,0.34716573,0.6506449,0.40838563,0.2177789,0.2122188,0.25876573,0.2497545,1
0.10582135,0.21352549,0.1157291,0.27333248,0.31592014,0.3397801,0.16622648,0.26440093,0.66560316,0.31509066,9
0.097513534,0.18109055,0.13918063,0.3165281,0.6375911,0.40551543,0.219392,0.19785826,0.28041786,0.31820738,1
0.12147621,0.18983972,0.07792709,0.29382673,0.30024192,0.40018198,0.21837328,0.2702886,0.5644002,0.40892103,9
0.08988414,0.20422165,0.15095831,0.33136633,0.65556663,0.39766514,0.22154783,0.17111343,0.2612566,0.2882688,1
0.13387313,0.19937189,0.12908235,0.26391008,0.2955108,0.361395,0.22080298,0.28090212,0.58487976,0.41029358,9
0.14069228,0.20751642,0.07810391,0.29315636,0.31095266,0.3216086,0.17988317,0.29203257,0.5987722,0.41086364,9
0.122142754,0.19032714,0.11764166,0.285958,0.30938584,0.3197618,0.18063651,0.26780087,0.60081464,0.43583593,9
0.069877185,0.16115524,0.1338575,0.38255313,0.6317741,0.43600014,0.22526805,0.20112953,0.2694663,0.2276749,1
0.109450795,0.18712378,0.10297006,0.29291597,0.33891022,0.34049776,0.15813985,0.25320423,0.60277206,0.4163521,9
0.06677638,0.16593102,0.17241904,0.3708801,0.6084917,0.42610964,0.20438059,0.19640651,0.34043568,0.2294614,1
0.103386894,0.19852631,0.09805361,0.2369832,0.32083035,0.3721265,0.20096307,0.25506306,0.6237516,0.3849718,9
0.115835406,0.14754234,0.10814349,0.263722,0.2928095,0.33813885,0.17996415,0.28199825,0.62676406,0.42278895,9
0.11833298,0.16424736,0.09527279,0.26081803,0.27412346,0.34041414,0.17607832,0.23922047,0.64235973,0.43593073,9
0.080623105,0.15315068,0.14421019,0.35504368,0.5864443,0.5016581,0.21721055,0.17981301,0.324098,0.20751369,1
0.11815742,0.18547665,0.10422733,0.27162728,0.3058498,0.34002155,0.1727096,0.25965032,0.6440395,0.38183767,9
0.0762389,0.1412384,0.1212774,0.37869737,0.61858886,0.4604638,0.19911033,0.19828756,0.31750613,0.20412587,1
0.11339637,0.1557419,0.0787855,0.2652461,0.2961113,0.37557998,0.15659513,0.29039183,0.65392435,0.34801474,9
0.112873405,0.17987931,0.11603264,0.24238613,0.25975347,0.39199987,0.19082548,0.2868177,0.6364563,0.37121066,9
0.10821951,0.18220739,0.09100364,0.26931912,0.2426676,0.34470114,0.19361308,0.27221978,0.6919149,0.32593313,9
0.10689691,0.17993596,0.10189601,0.26170763,0.25502095,0.35107753,0.21641818,0.26653647,0.63459337,0.41041937,9
0.061950047,0.13467047,0.123855636,0.3205308,0.6729108,0.47972915,0.22647311,0.15632834,0.2388863,0.2102416,1
0.10463495,0.17386365,0.12174075,0.26060125,0.27103165,0.39885324,0.20097707,0.2751058,0.6277701,0.36520767,9
0.107993454,0.16102712,0.11749792,0.23676963,0.28466678,0.36088762,0.15504755,0.2647147,0.67223924,0.36776048,9
0.1124895,0.17734689,0.09591006,0.24379428,0.29960206,0.38415596,0.18156405,0.29007146,0.6541599,0.3238679,9
0.12054258,0.17097752,0.0994214,0.2113999,0.29811937,0.38441336,0.18601032,0.2655247,0.6447595,0.37973017,9
0.10899542,0.16416238,0.08563858,0.25479776,0.2653836,0.37390682,0.13895206,0.25057533,0.6700076,0.38428423,9
0.11394123,0.14454274,0.09087971,0.27175653,0.2837065,0.36250082,0.1917899,0.24657485,0.6608997,0.3711428,9
0.09957772,0.17215706,0.08374209,0.25470784,0.28034285,0.34457955,0.17749727,0.2553306,0.66583997,0.38882944,9
0.11042748,0.17354634,0.06671887,0.2647484,0.26239976,0.41364864,0.1497391,0.3161212,0.62479526,0.36119506,9
0.1099118,0.14272605,0.103552535,0.27399668,0.24453218,0.39266253,0.16327716,0.26974422,0.68748254,0.3093831,9
0.10672401,0.14462031,0.10539122,0.27647915,0.28612566,0.3884312,0.18707345,0.25019422,0.6520611,0.3530197,9
0.103149444,0.1769863,0.09012469,0.28232834,0.23467958,0.4074984,0.20591539,0.27862024,0.6236742,0.37426582,9
0.10658668,0.14647934,0.095483005,0.2709914,0.2548655,0.38535717,0.1796288,0.2942448,0.6558626,0.3495294,9
0.120991655,0.13749462,0.11758821,0.2638454,0.2580843,0.3968114,0.15840858,0.27759638,0.6865926,0.29220814,9
0.1048927,0.16144967,0.06420301,0.31288493,0.2900886,0.39399642,0.1865065,0.25483134,0.6393891,0.33613363,9
0.11962195,0.16816263,0.06510675,0.30179104,0.2807077,0.39639187,0.19761476,0.24679625,0.61352944,0.38703173,9
0.10213383,0.15142533,0.08023122,0.32823467,0.26120034,0.4097986,0.21806125,0.29710963,0.5853165,0.3713263,9
0.101360045,0.17214611,0.08771646,0.29697916,0.29211804,0.42448872,0.18701644,0.20819247,0.6121968,0.3815406,9
0.10736299,0.15404196,0.10081003,0.31174296,0.30433995,0.42489746,0.17626204,0.27906477,0.59435225,0.34933814,9
0.11115783,0.17508496,0.07245228,0.28422084,0.32332864,0.40792188,0.1625684,0.24953331,0.64224553,0.3143916,9
0.10402621,0.15797624,0.111113146,0.23744364,0.35328886,0.36475646,0.19811988,0.23317735,0.66581935,0.31732878,9
0.09930716,0.24020945,0.07912729,0.2283789,0.36019003,0.38849324,0.22014453,0.239183,0.60781914,0.34385946,9
0.09814331,0.19359943,0.07834878,0.24822131,0.3387874,0.41708997,0.17420523,0.26295897,0.6184092,0.33833262,9
0.08745319,0.20038667,0.09610627,0.26134482,0.3260882,0.38832453,0.19812302,0.24204355,0.6348581,0.34153682,9
0.095339656,0.21221088,0.094526514,0.2496218,0.34368894,0.397397,0.20548904,0.23280482,0.600125,0.37684235,9
0.10091383,0.19373001,0.07665425,0.26917168,0.33597812,0.39134067,0.22302496,0.27439895,0.6178468,0.31805256,9
0.10113627,0.17842036,0.08709249,0.21449459,0.3470277,0.42636588,0.18884139,0.23681965,0.65493566,0.28538227,9
0.102535814,0.1971406,0.09517587,0.26646835,0.35113734,0.36494076,0.20541579,0.27100447,0.62150156,0.33492628,9
0.10483764,0.20678972,0.084357664,0.25937337,0.349017,0.35460076,0.17618825,0.24150047,0.66165686,0.31168422,9
0.09037673,0.20880777,0.07890047,0.24860214,0.37467206,0.4340641,0.16448176,0.22350213,0.59135544,0.35313386,9
0.094023995,0.19791223,0.119178385,0.29310665,0.3919017,0.41923475,0.20024769,0.25463563,0.5675291,0.30903515,9
0.09985122,0.20834,0.12358402,0.24411783,0.40834597,0.41690344,0.19302878,0.23272187,0.5772072,0.32651952,9
0.10390568,0.19790602,0.09996323,0.28084165,0.34593382,0.45676336,0.18284833,0.25480944,0.56096894,0.34615257,9
0.09511223,0.21524249,0.1575651,0.26132786,0.39374247,0.4143882,0.21405832,0.2760181,0.5525243,0.31219292,9
0.102511995,0.20320512,0.13852751,0.23931666,0.36722296,0.46079665,0.17382967,0.26538372,0.5703119,0.31408536,9
0.11611738,0.18690601,0.14353052,0.26693997,0.3610484,0.4005101,0.17992383,0.26487252,0.5588297,0.39260668,9
0.09232692,0.2314841,0.12486679,0.27925602,0.4182792,0.40421352,0.2018164,0.24734198,0.5284437,0.3532826,9
0.1140578,0.20995498,0.11634558,0.26908755,0.40853527,0.4015568,0.1662091,0.2888192,0.5444625,0.3483317,9
0.11435852,0.21702942,0.14462662,0.29360223,0.41530162,0.44013909,0.20965718,0.22670257,0.4872215,0.36574367,9
0.09169956,0.1993051,0.13138512,0.27142972,0.3450168,0.3929607,0.16580215,0.21911173,0.6388608,0.3222335,9
0.080711134,0.20398493,0.119380206,0.28616244,0.3921838,0.3612011,0.17751099,0.21580583,0.6176806,0.33443868,9
0.10436393,0.19797267,0.12269778,0.28008607,0.41610375,0.405784,0.19254446,0.22829036,0.56235355,0.336419,9
0.09618709,0.18063124,0.14806654,0.25276512,0.41946727,0.44162682,0.19890837,0.2500588,0.562003,0.28875253,9
0.101716876,0.17891394,0.11276862,0.26727694,0.44660336,0.39558226,0.20320283,0.22367455,0.58834946,0.2829721,9
0.10037216,0.22452317,0.13384533,0.21805608,0.45078632,0.40647465,0.16814916,0.21408619,0.58693826,0.29498842,9
0.07672783,0.246375,0.13331898,0.2620921,0.46055117,0.39500117,0.17206222,0.21607602,0.55020815,0.31589466,9
0.09844234,0.20147187,0.14120811,0.24155338,0.5005818,0.39449376,0.19606246,0.2127387,0.53737473,0.304554,9
0.079205304,0.21860532,0.12832898,0.26553443,0.44643155,0.43079525,0.14305116,0.19561559,0.5781084,0.2848463,9
0.07852236,0.18200086,0.17224276,0.3093315,0.5057372,0.41998938,0.20913082,0.22200555,0.48115635,0.280467,9
0.08753477,0.19954921,0.10067319,0.19853564,0.4623238,0.41186485,0.18733108,0.20837228,0.61615485,0.24785398,9
0.08848814,0.15590684,0.12237531,0.22021855,0.48665288,0.41216347,0.16824108,0.2125206,0.5769698,0.3021872,9
0.11591491,0.16323476,0.10120949,0.23678467,0.39552847,0.40238327,0.18354636,0.19901574,0.6543542,0.27161887,9
0.111573726,0.19831124,0.09859993,0.20659052,0.41405195,0.39235285,0.18582132,0.25347918,0.61261123,0.31043318,9
0.12847266,0.17799741,0.07002737,0.22897473,0.43075866,0.4490226,0.18574604,0.28240672,0.53935784,0.31959677,9
0.10737898,0.16194865,0.099662766,0.29157695,0.4347655,0.45110852,0.21159968,0.2311258,0.5208547,0.32448348,9
0.10854611,0.17994966,0.10982764,0.24902032,0.40902835,0.4582442,0.18770683,0.23015983,0.5698701,0.30250832,9
0.09869113,0.1728098,0.08763755,0.27629748,0.41351634,0.40531176,0.19454104,0.22564569,0.62242556,0.25480786,9
0.08031465,0.15392007,0.0940703,0.2607955,0.38245663,0.4344818,0.1700415,0.23388116,0.6174844,0.3050339,9
0.08655941,0.19287594,0.096671514,0.266004,0.4059792,0.41570783,0.17826256,0.24780303,0.6063104,0.2770823,9
0.094723,0.17011143,0.09568172,0.25265896,0.45633018,0.37191397,0.21677233,0.24191819,0.61205375,0.24983276,9
0.1016745,0.16692686,0.0732764,0.26979896,0.45791534,0.39505765,0.21394287,0.23270476,0.59395224,0.25529876,9
0.10115126,0.14284262,0.08752869,0.29199505,0.45260578,0.445513,0.22644693,0.22333317,0.5393763,0.28464997,9
0.108501345,0.1540252,0.08991428,0.30078048,0.44675618,0.48524252,0.21908712,0.23509234,0.46829942,0.32913068,9
0.10862889,0.1693117,0.10680945,0.29811075,0.48268956,0.41717654,0.21524791,0.27519834,0.46814844,0.33316773,9
0.12098811,0.20581804,0.09105318,0.27266607,0.41914174,0.43955907,0.25705785,0.28120098,0.49384806,0.32005095,9
0.108643316,0.14472595,0.12217629,0.29074487,0.4353578,0.46057656,0.22836855,0.27016884,0.4980154,0.3048956,9
0.09279263,0.16305764,0.114599414,0.31317538,0.42962706,0.44414115,0.20263849,0.24465935,0.48380128,0.36981726,9
0.10903618,0.1847204,0.106213056,0.30162218,0.39916044,0.4572203,0.23061848,0.25762063,0.50486237,0.33002073,9
0.11708123,0.18448426,0.10419275,0.3342918,0.42552847,0.45367333,0.23207098,0.27905422,0.45921007,0.31647187,9
0.049939975,0.103826895,0.073823996,0.29762238,0.6703039,0.48740897,0.18012995,0.13098277,0.33529255,0.20927909,6
0.12090114,0.15608263,0.09059067,0.32981887,0.40880767,0.4862385,0.21637085,0.22886102,0.47908214,0.3343186,9
0.031247837,0.12881394,0.058122423,0.2937595,0.65282726,0.47530073,0.14284693,0.1952994,0.34882978,0.24583362,6
0.128251,0.15937851,0.06482117,0.288404,0.3786632,0.51366746,0.24026042,0.23716088,0.51535976,0.2897676,9
0.060883127,0.11411866,0.07502213,0.32011753,0.66128635,0.4723009,0.17082137,0.20310879,0.30171263,0.23094423,6
0.093949914,0.16093472,0.10768588,0.34817302,0.3828264,0.48924005,0.24121945,0.26000795,0.49048942,0.28314322,9
0.053073153,0.11974939,0.06774092,0.33651793,0.667875,0.46609795,0.18439186,0.19613458,0.30596837,0.1887326,6
0.1197776,0.15079144,0.09673763,0.30417022,0.47193,0.4551963,0.23009355,0.22290926,0.49145952,0.29487616,9
0.06203458,0.12976375,0.07781922,0.35753036,0.6365176,0.4630789,0.19830659,0.19673684,0.2996375,0.24087158,6
0.11322766,0.14538491,0.090138495,0.27064663,0.49948195,0.50290745,0.2333609,0.228247,0.458489,0.2559372,9
0.06840447,0.1450813,0.08430387,0.3433338,0.6033008,0.5172712,0.19122928,0.20113918,0.28213796,0.24722072,6
0.10593677,0.18121289,0.10680843,0.34077072,0.49101084,0.43810165,0.2947617,0.23916265,0.38588947,0.31998113,9
0.08896777,0.17493479,0.08223853,0.29165792,0.64637345,0.41676524,0.170439,0.23092717,0.3322355,0.29224265,6
0.10872835,0.20439987,0.08442874,0.33243388,0.49825957,0.47813785,0.20248047,0.256398,0.39862022,0.29367253,9
0.099758126,0.15316252,0.08358572,0.3461319,0.6339539,0.47304526,0.1908691,0.18446982,0.2407454,0.29275915,6
0.11955055,0.21819794,0.12862483,0.27582452,0.55096,0.4564271,0.22356343,0.22100496,0.36870432,0.31436375,9
0.09676404,0.12592143,0.08907097,0.40713114,0.61504215,0.4337151,0.17485812,0.20730744,0.2671613,0.29963082,6
0.11945599,0.18365157,0.12255418,0.30665895,0.49420843,0.50173926,0.1999841,0.25417426,0.36140567,0.33428517,9
0.074992634,0.13726586,0.11515893,0.28382525,0.6823438,0.4867529,0.19294848,0.14028615,0.27821586,0.21185143,4
0.06744673,0.1644978,0.12756357,0.3679294,0.6359062,0.46568638,0.17259687,0.18140867,0.27341497,0.24093911,6
0.14305727,0.21850567,0.14240271,0.31802937,0.48428482,0.45151016,0.21476749,0.28301072,0.39284354,0.30237287,9
0.0746841,0.15817289,0.14886433,0.326567,0.68946856,0.42051455,0.1851345,0.15780203,0.27597633,0.23034443,4
0.0974367,0.17116417,0.12762317,0.36227086,0.6394304,0.4103402,0.20678751,0.19241275,0.27800438,0.2817102,6
0.14186428,0.23605323,0.110184215,0.32226545,0.5379845,0.42817482,0.20948318,0.2621459,0.33706743,0.33042184,9
0.08024803,0.122413695,0.14514562,0.35737145,0.67590296,0.45073146,0.16165906,0.149739,0.28023672,0.20664419,4
0.08541056,0.17852001,0.13836025,0.35126913,0.58959264,0.41475984,0.2172435,0.1800124,0.3178972,0.34351006,6
0.04927262,0.11454418,0.083494596,0.27785033,0.678028,0.42658594,0.15117383,0.19383894,0.40727356,0.17967556,7
0.14764665,0.18317628,0.109947205,0.29385597,0.51816577,0.47147873,0.23095296,0.23511449,0.36578906,0.33615416,9
0.07057886,0.12643167,0.16070087,0.3306719,0.6777007,0.4376402,0.17540614,0.18318397,0.29181942,0.20874761,4
0.12977986,0.16008653,0.12720534,0.35251382,0.5851086,0.43711874,0.18284722,0.23150079,0.29631162,0.3298956,6
0.037018005,0.12650427,0.081433944,0.25238848,0.7917972,0.37174445,0.19074477,0.16010612,0.22901604,0.18080996,7
0.12754516,0.15195121,0.121502794,0.30302468,0.54691225,0.4569539,0.19182597,0.23452753,0.39338452,0.31557027,9
0.08637893,0.1810026,0.12925151,0.33805034,0.6038228,0.42328924,0.2382183,0.22415818,0.34955734,0.23628752,4
0.1135705,0.20958857,0.13118835,0.35300913,0.5868041,0.4002412,0.21195713,0.20946832,0.2989082,0.34448177,6
0.05576421,0.14682798,0.08658296,0.28130433,0.69623685,0.42220247,0.15217908,0.16427937,0.37003523,0.19654557,7
0.11636285,0.17924967,0.10028759,0.32813007,0.48126066,0.48655978,0.2500345,0.2292616,0.40652305,0.29649773,9
0.10791602,0.16616611,0.14549695,0.32686585,0.6119552,0.4279071,0.22941041,0.22189867,0.33606815,0.24561904,4
0.14102843,0.18694803,0.10630431,0.36606714,0.5849972,0.41908774,0.23374489,0.1927287,0.2759316,0.33775744,6
0.060518418,0.17371197,0.091441475,0.3034346,0.70535743,0.41658553,0.19067495,0.20720936,0.26751173,0.2092838,7
0.12616585,0.13018467,0.09983367,0.33105674,0.39627126,0.4806201,0.20921277,0.21372207,0.521341,0.31352627,9
0.09972246,0.16889295,0.10773143,0.30836555,0.64578295,0.45166662,0.22189735,0.20703442,0.30865365,0.21547154,4
0.124671936,0.17369698,0.123723865,0.35519645,0.5819889,0.4508409,0.19053869,0.20327726,0.303955,0.3175379,6
0.06495789,0.18961701,0.089520246,0.2470375,0.7289044,0.39892355,0.21057808,0.19849195,0.2495549,0.23307298,7
0.12444789,0.12753417,0.1165366,0.3403237,0.48135233,0.4324088,0.24172774,0.25426713,0.43019775,0.3346867,9
0.093143925,0.1649805,0.1370915,0.35936508,0.5904462,0.46763137,0.21525472,0.20821296,0.3132498,0.24708302,4
0.124763615,0.18673784,0.14660636,0.35318762,0.5877154,0.44570646,0.1836312,0.2026816,0.29977953,0.30756548,6
0.06974127,0.15242422,0.117752835,0.29239127,0.7500852,0.36999336,0.2049139,0.18860787,0.22107182,0.2158386,7
0.10466155,0.17871568,0.08685985,0.30289155,0.4735149,0.5045522,0.20154005,0.23606178,0.45931786,0.2677929,9
0.09642975,0.19445506,0.12768312,0.31473246,0.57337904,0.46444315,0.25979796,0.2159965,0.3576926,0.22575319,4
0.13746004,0.14415115,0.121795885,0.35216138,0.60138094,0.43677506,0.21322416,0.1746361,0.29972017,0.32132128,6
0.078582555,0.16244525,0.100809865,0.3151146,0.6770731,0.46658164,0.18531568,0.176062,0.26518118,0.21491684,7
0.10598803,0.17786911,0.117983714,0.2669366,0.4993757,0.46289676,0.20565876,0.2317606,0.47265932,0.2981424,9
0.093087055,0.15245341,0.11625634,0.33520252,0.60690975,0.4750689,0.21842682,0.18092999,0.30069247,0.27807325,4
0.14772406,0.19600876,0.13014261,0.35374516,0.57617694,0.36640695,0.20385595,0.19248687,0.27713823,0.41956812,6
0.085198596,0.18450314,0.09822046,0.3444334,0.6888668,0.4079283,0.17595991,0.18924893,0.22742268,0.26641536,7
0.14960961,0.16192845,0.115413345,0.31876504,0.45701402,0.42650327,0.21841589,0.26643363,0.42094204,0.3870573,9
0.10096395,0.18980193,0.11491165,0.32153878,0.56137156,0.47024426,0.26055017,0.21448109,0.32821155,0.28162107,4
0.05991088,0.17359458,0.093788676,0.27161416,0.79031205,0.36277732,0.16729344,0.1708785,0.15769996,0.21318683,7
0.14958617,0.15561162,0.13620801,0.2801816,0.49840817,0.4237809,0.23391311,0.250163,0.41311038,0.37469548,9
0.1090254,0.21272811,0.13019189,0.26859444,0.5824226,0.48859915,0.27688164,0.23056294,0.28621003,0.25314677,4
0.08457058,0.1938586,0.11486695,0.27693227,0.7100596,0.41110778,0.22290246,0.19974856,0.20555016,0.24566354,7
0.14074376,0.17744593,0.08674959,0.30253786,0.41908532,0.4587053,0.22406048,0.24976243,0.49016058,0.33281308,9
0.117547184,0.14755209,0.09911899,0.32237896,0.5062166,0.54705256,0.2637438,0.15665741,0.35048267,0.27963567,4
0.08598116,0.17756912,0.09796845,0.23003513,0.629704,0.44686264,0.19326594,0.1913501,0.41949093,0.22893214,7
0.12904772,0.16510668,0.11933064,0.27294433,0.4251832,0.47056308,0.21451761,0.24215096,0.4898742,0.3471397,9
0.13515495,0.17686471,0.14612892,0.35269603,0.54392385,0.48233336,0.2194125,0.21823353,0.29980847,0.30091938,4
0.090143606,0.17201634,0.11060517,0.36699596,0.6143812,0.44323918,0.25111765,0.20535386,0.24259062,0.27813515,7
0.13557363,0.1957958,0.1030234,0.24673021,0.38900426,0.43746632,0.1798431,0.22032975,0.54408634,0.3900954,9
0.11067197,0.20294733,0.14871602,0.33735445,0.59421384,0.44506943,0.27617836,0.22493064,0.2566085,0.2583534,4
0.07511455,0.18944454,0.10373865,0.2820745,0.6509938,0.4776797,0.20494169,0.20470141,0.23374975,0.2786169,7
0.14912365,0.1852034,0.109259896,0.31209058,0.43140483,0.41443494,0.23808528,0.22528008,0.47314978,0.38072407,9
0.11132164,0.20846723,0.11880839,0.30424312,0.56343615,0.4699009,0.21940412,0.20520216,0.32892516,0.31743458,4
0.08572379,0.14248654,0.11876904,0.34812695,0.6011725,0.49641514,0.21747655,0.2166925,0.26597723,0.25341418,7
0.13708925,0.1558897,0.11812775,0.32234916,0.47541383,0.3953806,0.23967473,0.3063176,0.4415834,0.33230612,9
0.100416854,0.20485236,0.14041112,0.33442026,0.60448647,0.42923158,0.24582614,0.21595822,0.27230507,0.29246798,4
0.08510735,0.14536855,0.14594321,0.39497802,0.5557385,0.48629695,0.21643557,0.20793048,0.33846825,0.21058868,7
0.14861208,0.17027432,0.116711766,0.28769666,0.45141298,0.45479834,0.23702699,0.26145485,0.4432074,0.3477668,9
0.106778406,0.1876325,0.18203773,0.34757808,0.56035274,0.3950508,0.2822312,0.2102052,0.33733046,0.30290473,4
0.105522595,0.15701385,0.16149437,0.3438545,0.6355573,0.39810494,0.19287941,0.24443491,0.30137783,0.2639983,7
0.1425207,0.17946814,0.10643714,0.30507204,0.4546175,0.41021362,0.21037881,0.24228439,0.47624093,0.37197128,9
0.12393257,0.16404083,0.14175908,0.39037496,0.56009716,0.37834644,0.24683155,0.19097468,0.3068384,0.36992088,4
0.09721056,0.1691725,0.117137425,0.33246154,0.5868812,0.42994064,0.19909944,0.23840092,0.35652173,0.29123357,7
0.13974352,0.19311613,0.11553947,0.28447908,0.473896,0.43615913,0.23110385,0.23736121,0.446391,0.35365763,9
0.119400315,0.17479375,0.15440482,0.34784058,0.54955775,0.43893147,0.19223496,0.23991196,0.36221132,0.29995522,4
0.077879764,0.19139129,0.1470253,0.2807728,0.59140015,0.40562215,0.20674652,0.22602254,0.40805143,0.28676578,7
0.136739,0.18819188,0.109713554,0.24944443,0.5034892,0.43327615,0.20940873,0.22815505,0.46425763,0.34489876,9
0.10421757,0.1949541,0.11609985,0.36991176,0.5443006,0.45004186,0.22611098,0.24408364,0.31113183,0.30742604,4
0.07134884,0.16397609,0.08495307,0.30990198,0.63948804,0.36690396,0.21300742,0.17669435,0.40751424,0.28025082,7
0.14049289,0.2041534,0.10752271,0.2742468,0.50015366,0.4118447,0.1979981,0.26438585,0.4216851,0.3809456,9
0.1302155,0.1610581,0.14983793,0.3177757,0.5445632,0.4203361,0.21519642,0.2503866,0.36914942,0.33936062,4
0.06172509,0.16665505,0.113646805,0.2754213,0.6450088,0.4324989,0.18434866,0.18443678,0.35267353,0.29012388,7
0.11706042,0.20552137,0.09393089,0.25526318,0.53546923,0.4058605,0.21868616,0.22633742,0.4496104,0.34267157,9
0.054611772,0.11061776,0.10045523,0.3429937,0.67877424,0.40885818,0.15949307,0.14955513,0.36533517,0.21879552,2
0.13426349,0.16296129,0.123834915,0.3854441,0.5669046,0.42830804,0.24034329,0.21232355,0.28667164,0.31884053,4
0.08776053,0.16639484,0.12577288,0.291689,0.6139779,0.4259146,0.19409415,0.1988186,0.3930317,0.27140766,7
0.13847351,0.17715262,0.103759214,0.27201077,0.5058205,0.36940143,0.25142014,0.23514886,0.4510731,0.38781503,9
0.061601482,0.106333405,0.10159861,0.3950849,0.6784681,0.41367176,0.18410897,0.15531321,0.31648254,0.16988632,2
0.114410535,0.17135191,0.18765259,0.3756414,0.5485372,0.41092533,0.20277813,0.22488768,0.33582887,0.32711107,4
0.07948753,0.15054117,0.15307294,0.30554694,0.59495604,0.41844472,0.1980434,0.22221048,0.4139241,0.25539798,7
0.12570219,0.17758928,0.13577642,0.2621646,0.47757873,0.42182633,0.2432701,0.28038612,0.47518766,0.3096396,9
0.06377659,0.12872481,0.08726567,0.3175634,0.56511605,0.4160839,0.15300909,0.14748465,0.5278149,0.23380913,2
0.120531455,0.15878563,0.14466977,0.32837296,0.585487,0.44195053,0.24343923,0.21296911,0.3201804,0.2936865,4
0.087237835,0.19098946,0.1325357,0.32716808,0.6171589,0.40898815,0.22563046,0.24838938,0.33231175,0.24518192,7
0.10844397,0.18334217,0.08463307,0.25833157,0.49485332,0.43680698,0.20822267,0.26093403,0.49297926,0.30095798,9
0.05215274,0.117697574,0.09363856,0.34710813,0.6106792,0.42131907,0.1762596,0.16270846,0.45193592,0.2048139,2
0.15157534,0.17214212,0.13461939,0.3087235,0.55249673,0.43853122,0.25754088,0.24159864,0.34559828,0.30374637,4
0.061504047,0.20298655,0.1327005,0.30305493,0.60161227,0.412822,0.22534664,0.2141085,0.3857424,0.2603494,7
0.11924679,0.17494477,0.09178158,0.26501808,0.47753042,0.40918827,0.1938391,0.26456308,0.5211759,0.3191462,9
0.06504523,0.115955845,0.08525771,0.2915789,0.56881917,0.40407982,0.180622,0.17188446,0.54875493,0.19974962,2
0.12512052,0.17564064,0.12574315,0.26778793,0.5694087,0.48766717,0.24792506,0.22453032,0.32779434,0.29085737,4
0.06870947,0.17387594,0.15552108,0.2972711,0.6147824,0.47652027,0.19704226,0.2004829,0.3393885,0.2307742,7
0.1140264,0.17165829,0.10481404,0.2709181,0.49786624,0.39142743,0.20181327,0.27219167,0.48038283,0.35563767,9
0.058416698,0.12860572,0.06241878,0.3338283,0.55123186,0.41315433,0.14856176,0.16601905,0.53562,0.23159432,2
0.12564775,0.14991395,0.1467957,0.32801467,0.55996066,0.4471595,0.2595749,0.25773925,0.3474047,0.25414506,4
0.086498134,0.1791495,0.12392307,0.35771918,0.5856416,0.43478817,0.21501946,0.23880449,0.29325813,0.3095569,7
0.120644,0.18651383,0.10063212,0.26456812,0.5021562,0.42435107,0.25679526,0.2484559,0.43992501,0.3421865,9
0.07351161,0.13779081,0.08517252,0.2805726,0.5323839,0.39542925,0.1790754,0.18178876,0.57306916,0.23730576,2
0.141704,0.17215087,0.14008085,0.30857795,0.52481467,0.45063016,0.26189938,0.25697237,0.3320693,0.3347339,4
0.08429521,0.19170368,0.13184999,0.30244568,0.61729896,0.41790277,0.21411909,0.23725843,0.34719393,0.2624945,7
0.107665956,0.17128506,0.084649436,0.27233666,0.51510847,0.4186977,0.18135034,0.23031338,0.52070946,0.28288093,9
0.06716736,0.17110331,0.10500884,0.3242474,0.57474786,0.3695134,0.18166566,0.17129265,0.5273648,0.20668007,2
0.13558766,0.20973426,0.10120151,0.29067537,0.59446335,0.38856244,0.2522447,0.23293327,0.32741183,0.336812,4
0.06420734,0.21994929,0.094465464,0.3151885,0.60158503,0.4092904,0.1974984,0.21302907,0.38295186,0.28066003,7
0.12286932,0.18353243,0.076071896,0.27680668,0.520276,0.40612298,0.23243028,0.2525639,0.4285786,0.3628983,9
0.070098914,0.1446621,0.11774473,0.35311854,0.56027347,0.38808382,0.18019634,0.20315902,0.49984953,0.21792974,2
0.12657927,0.21510096,0.13801786,0.30508882,0.55295163,0.44411147,0.2650765,0.2274896,0.30120096,0.331439,4
0.08845597,0.18192308,0.12878495,0.34546912,0.5931536,0.4070561,0.21826364,0.19221774,0.34811863,0.31598416,7
0.10449325,0.12909845,0.095141724,0.30068594,0.57969797,0.3892024,0.18241213,0.1873352,0.5095492,0.23961115,2
0.13568471,0.19185904,0.13275729,0.3350323,0.56549776,0.42215523,0.26450735,0.21421532,0.3395643,0.29283032,4
0.083525896,0.20014717,0.1196265,0.3339368,0.52465266,0.49773037,0.18055294,0.24516396,0.3725143,0.26957887,7
0.103884436,0.17344977,0.06555513,0.2548612,0.44221726,0.45479828,0.18112029,0.24163699,0.5554198,0.29629323,9
0.09694416,0.15276262,0.12511139,0.26767468,0.60096806,0.4035568,0.19480653,0.23535463,0.46621042,0.2127169,2
0.12870324,0.17612022,0.1440329,0.31102982,0.580431,0.40966156,0.2914396,0.21993074,0.3340363,0.2921006,4
0.08320893,0.16911113,0.109342754,0.3567732,0.5892101,0.40434766,0.250462,0.20568565,0.34615204,0.29951638,7
0.1106465,0.17662396,0.07526515,0.24532399,0.4976446,0.4447619,0.23939514,0.25524423,0.48600584,0.29425833,9
0.1135701,0.1401676,0.09240094,0.3038531,0.64112806,0.4079804,0.21041617,0.22345577,0.35928637,0.25652072,2
0.12185452,0.21407485,0.14727537,0.31076682,0.5972158,0.35009667,0.22330676,0.23289545,0.36428863,0.3240534,4
0.09502713,0.20267844,0.09576781,0.32234854,0.54355544,0.43450874,0.24294175,0.21094653,0.38199314,0.3211277,7
0.10980799,0.16734304,0.13059796,0.3544894,0.6179194,0.3829177,0.20105125,0.21039183,0.36239776,0.26972434,2
0.13326846,0.22157288,0.16073328,0.27166095,0.5540146,0.37737536,0.23857804,0.22027229,0.36582297,0.38065732,4
0.09752296,0.16739012,0.15202197,0.29700184,0.58401537,0.41492003,0.22011629,0.22463247,0.32464698,0.36552688,7
0.09116664,0.17225191,0.12480906,0.34596738,0.59103334,0.37654322,0.2230047,0.22794656,0.38758048,0.28936574,2
0.113111764,0.22633877,0.13634752,0.31311247,0.4676247,0.46495324,0.3000109,0.25693443,0.2907713,0.3793709,4
0.09214473,0.16792624,0.116331756,0.30819285,0.61148125,0.41701177,0.19329938,0.22769764,0.32593045,0.333983,7
0.123647496,0.1745624,0.1440266,0.3770225,0.5145348,0.42952427,0.20658422,0.22416948,0.38709763,0.3151806,2
0.13520832,0.21662389,0.1860041,0.30745578,0.5119972,0.41052175,0.26207498,0.247476,0.30203035,0.3922334,4
0.08317437,0.16959433,0.12271558,0.2960314,0.6220275,0.46169987,0.1824598,0.20500262,0.3129607,0.29711756,7
0.11201692,0.18405859,0.17338958,0.3548636,0.5091056,0.39334226,0.24979816,0.21124275,0.39784443,0.34405404,2
0.1604032,0.17280003,0.16402057,0.33457297,0.49064472,0.38138205,0.2849478,0.278745,0.32276183,0.3953674,4
0.11289827,0.18834732,0.14919092,0.28271204,0.5796106,0.42406118,0.20585656,0.24895042,0.33822757,0.3392165,7
0.10045905,0.20134,0.16012837,0.35375214,0.51228726,0.41844332,0.21031325,0.20247088,0.4595631,0.2542262,2
0.1369029,0.19507332,0.15033607,0.34189072,0.5208593,0.4160737,0.24454284,0.26956788,0.32103896,0.35180697,4
0.097806826,0.21699026,0.1399144,0.28686303,0.5908215,0.45414066,0.20759542,0.1907839,0.33853006,0.3034335,7
0.108588085,0.19511063,0.19262715,0.3435918,0.4947982,0.3626749,0.27428153,0.22869152,0.4747803,0.25627166,2
0.1253304,0.20906255,0.20489332,0.2762574,0.43278322,0.45742375,0.25887638,0.26631856,0.36220402,0.39574426,4
0.09897785,0.1942894,0.11096956,0.26092437,0.5812874,0.43698406,0.22317521,0.1988724,0.36393046,0.34843394,7
0.12393511,0.20034719,0.1320081,0.35722843,0.5011597,0.40963316,0.25990832,0.26930812,0.3780945,0.31219822,2
0.12790318,0.21861157,0.14431135,0.31464395,0.50767547,0.41403583,0.24186018,0.2448928,0.38540184,0.3462078,4
0.118144825,0.22212636,0.11323426,0.252977,0.578316,0.40071198,0.22188161,0.24816401,0.31914356,0.39011985,7
0.11660378,0.19250666,0.14244305,0.36210197,0.45282215,0.43672696,0.2498181,0.26942816,0.42980233,0.28710273,2
0.12536247,0.2223519,0.13705346,0.340757,0.5106485,0.40354636,0.24083959,0.2250738,0.3650323,0.36663726,4
0.11386634,0.23884638,0.12083509,0.26361877,0.56691265,0.42432028,0.1960443,0.2289004,0.37131405,0.34022126,7
0.13831577,0.1814367,0.16089055,0.31657863,0.47516364,0.4251646,0.24874307,0.26481268,0.41399878,0.33451834,2
0.15008584,0.19247957,0.1700657,0.314056,0.47244313,0.39925978,0.2860625,0.24797024,0.37625384,0.3812787,4
0.11852706,0.2218634,0.1276503,0.25887194,0.5456702,0.38233864,0.23321606,0.24639644,0.40613922,0.3597636,7
0.1169507,0.21422979,0.14008388,0.32559276,0.43444994,0.4446959,0.2486157,0.27365407,0.43640634,0.31803456,2
0.12882558,0.2158172,0.18067071,0.31321713,0.44392473,0.41825053,0.2441286,0.2765482,0.38790685,0.38409352,4
0.109478496,0.19013143,0.13305525,0.24944715,0.55037063,0.41381994,0.17072289,0.24371865,0.42306694,0.36090353,7
0.14162338,0.17462951,0.14436427,0.34641236,0.44218338,0.38296467,0.25043404,0.2505881,0.48036322,0.3318981,2
0.13536347,0.20582265,0.15572314,0.3010569,0.48944718,0.3862279,0.24146327,0.24078633,0.4103842,0.38858765,4
0.11923049,0.23677729,0.10676596,0.24288312,0.55256057,0.37325278,0.220882,0.2259264,0.3942891,0.39924058,7
0.13311306,0.1794269,0.16718705,0.32388768,0.41935602,0.3742353,0.19544172,0.27125683,0.5256384,0.33652243,2
0.12490209,0.2253934,0.14457719,0.3290161,0.46651983,0.40905055,0.2628658,0.28779376,0.36494252,0.36656958,4
0.11617158,0.18010148,0.1343402,0.27931264,0.48633683,0.45436648,0.18312886,0.20417136,0.4436353,0.3781508,7
0.12877923,0.21398272,0.12549467,0.34224615,0.40151006,0.37695628,0.23575777,0.23909512,0.5228674,0.33956003,2
0.13844852,0.20041205,0.14704965,0.2873448,0.44647795,0.47308937,0.25346407,0.20410323,0.35508403,0.4258327,4
0.118892945,0.2220489,0.1518132,0.22523877,0.51222885,0.3979868,0.22807196,0.22285427,0.4194327,0.4054657,7
0.1284082,0.19815648,0.14920498,0.28186068,0.44915715,0.4005523,0.23303257,0.2610464,0.49356574,0.33807826,2
0.12931943,0.1909547,0.16303767,0.3252506,0.46501628,0.4240811,0.2674687,0.23745088,0.39613718,0.36539236,4
0.10646907,0.21233243,0.10658375,0.2975426,0.51773536,0.4111295,0.22996114,0.21325818,0.40226278,0.38266632,7
0.12798911,0.20453973,0.108498074,0.30007598,0.4660799,0.37510315,0.22825843,0.20749222,0.55868095,0.27340955,2
0.1389115,0.2231563,0.16857304,0.32072663,0.43263027,0.4538778,0.23953402,0.25780666,0.3643196,0.38714185,4
0.10300237,0.22517307,0.12207843,0.32157663,0.4545118,0.44111803,0.21203625,0.20845911,0.4431722,0.36659354,7
0.040907163,0.10165597,0.056809172,0.34245655,0.5245367,0.5414001,0.18997821,0.20698561,0.42262092,0.20418806,3
0.15407392,0.21586384,0.13401318,0.30155873,0.45307082,0.3804568,0.23738173,0.27246696,0.38883907,0.43469787,4
0.10624628,0.20247081,0.13863006,0.3162411,0.38949993,0.37458664,0.22112471,0.23791942,0.5580052,0.34582296,2
0.031071719,0.102063894,0.067137115,0.34680143,0.590216,0.4885662,0.17469905,0.19006431,0.4206776,0.18213506,3
0.1582584,0.22199507,0.12061857,0.32072803,0.42315376,0.42297152,0.2840316,0.27203318,0.39682686,0.3716794,4
0.11304306,0.2418864,0.11402949,0.28921333,0.4624873,0.4078528,0.26353583,0.26297858,0.4227837,0.36670393,7
0.13308957,0.18808185,0.123488754,0.3391478,0.39738494,0.357498,0.2006848,0.2636677,0.5765713,0.2978131,2
0.039732795,0.1087294,0.0712884,0.3634158,0.5906546,0.4905204,0.16458337,0.19628912,0.41166627,0.15772393,3
0.12967454,0.18987015,0.17224583,0.33665785,0.4188201,0.4399801,0.2810073,0.22614007,0.4099251,0.37012306,4
0.11236386,0.23549403,0.11470514,0.33892533,0.37170187,0.39512393,0.22237399,0.25207928,0.50839317,0.37168026,7
0.10530512,0.18011561,0.123454414,0.34943998,0.3559166,0.34217486,0.2026406,0.24643879,0.6248099,0.28840405,2
0.042630244,0.08539768,0.074848086,0.36538798,0.57938415,0.5249853,0.16383944,0.20220548,0.37239268,0.18459998,3
0.13516583,0.22117093,0.14947756,0.30356002,0.4354261,0.42583486,0.2122339,0.2777918,0.41470897,0.39140165,4
0.109953076,0.18729989,0.14160562,0.26327023,0.41777006,0.3687988,0.21116428,0.23012054,0.55736685,0.38041788,7
0.094124645,0.1609443,0.10055509,0.2875733,0.3176131,0.34418684,0.16833101,0.23506299,0.6852745,0.31606033,2
0.044174515,0.10244223,0.084697366,0.3743126,0.5914664,0.48998055,0.13953558,0.21535458,0.40197492,0.15141176,3
0.14521463,0.2102798,0.1548765,0.29582518,0.43029946,0.41129792,0.25535187,0.28136238,0.400802,0.404797,4
0.113951765,0.20006672,0.11811858,0.27147222,0.39947638,0.39582193,0.23343132,0.262734,0.5425157,0.35389286,7
0.0901688,0.19158113,0.07856445,0.31821626,0.3480329,0.3501573,0.18020016,0.30400014,0.61100733,0.32523388,2
0.0360485,0.11835396,0.08956845,0.3627493,0.5138582,0.55573744,0.16992912,0.19527376,0.4081578,0.19643942,3
0.1273222,0.23624797,0.12674056,0.27546543,0.39663783,0.43081757,0.27834722,0.24961276,0.4499967,0.38836265,4
0.12299726,0.22271568,0.086671844,0.282647,0.39841267,0.4059001,0.23357688,0.27844724,0.49305126,0.38625112,7
0.08981644,0.19946611,0.09392813,0.29860094,0.34215584,0.37375095,0.17028248,0.21100326,0.66286474,0.29067653,2
0.016875569,0.13463597,0.0931183,0.40292713,0.4965904,0.57347196,0.19547391,0.18901072,0.3276083,0.23201853,3
0.13858402,0.21291225,0.15171926,0.2909067,0.43921646,0.4175391,0.24690284,0.24359536,0.4148903,0.41004106,4
0.10218232,0.22366212,0.10001395,0.24650413,0.3758106,0.39456293,0.24739349,0.25210646,0.5614018,0.36320812,7
0.092274584,0.19282147,0.069883056,0.26271352,0.31770146,0.37644005,0.14720665,0.21798338,0.6789063,0.3281182,2
0.042667437,0.14610422,0.07150736,0.40557045,0.5335603,0.5085716,0.1829112,0.21454757,0.37775186,0.20424768,3
0.13189459,0.23653974,0.13900834,0.3396449,0.46928406,0.39887932,0.25346982,0.24649161,0.36537263,0.39260218,4
0.06518577,0.11451087,0.10721661,0.3476924,0.6185539,0.5151495,0.22646843,0.18868549,0.2753896,0.19883473,5
0.095828876,0.21378256,0.11656485,0.27467978,0.40868688,0.44525135,0.23063286,0.25548902,0.48641714,0.3684237,7
0.11169965,0.1682228,0.084515385,0.30141312,0.37073106,0.38300768,0.16833623,0.26870334,0.6288167,0.2848612,2
0.043090716,0.13769504,0.081303895,0.4309707,0.55683076,0.5169142,0.19694245,0.16375552,0.27541393,0.2610009,3
0.15146805,0.23224485,0.17764178,0.2602668,0.45343757,0.4168867,0.23463349,0.26483035,0.3920553,0.40685233,4
0.11032313,0.18672223,0.108889595,0.29426038,0.37323505,0.3888901,0.2089394,0.25612262,0.55937153,0.37659875,7
0.035788804,0.14032196,0.08363513,0.4056016,0.56159556,0.5247271,0.1986976,0.18608274,0.3051234,0.22267777,3
0.13869144,0.24057804,0.14394858,0.35841393,0.41123495,0.38554078,0.2857536,0.24473913,0.3976685,0.395293,4
0.070047125,0.11645919,0.07772597,0.41826496,0.5888839,0.49817938,0.25007758,0.18549226,0.22586043,0.24003704,5
0.105227694,0.25893933,0.12210155,0.2640556,0.3550376,0.34253538,0.24032764,0.23907712,0.575179,0.3848573,7
0.10642458,0.14278643,0.09533844,0.26892465,0.36489248,0.36870393,0.17240007,0.20565501,0.68722224,0.27110267,2
0.028660167,0.14548829,0.084299035,0.42198014,0.59237784,0.45648,0.19352193,0.21415612,0.3131361,0.22844034,3
0.1227135,0.20277628,0.15569212,0.33653632,0.46163848,0.40063295,0.31918815,0.23185903,0.3332035,0.4074866,4
0.042709004,0.1263833,0.10144743,0.39382422,0.5391291,0.574682,0.21095501,0.13938306,0.29309314,0.21461906,5
0.108683765,0.22399993,0.084279686,0.27589568,0.40115586,0.3484891,0.20823607,0.24422663,0.5488213,0.41012904,7
0.0823081,0.17183697,0.060497846,0.20831048,0.24753849,0.37930062,0.13733444,0.22130048,0.7415424,0.30623528,2
0.05644824,0.11459354,0.11120095,0.40547347,0.5372685,0.54026794,0.2510272,0.15488063,0.29611814,0.22731498,3
0.14495078,0.18504563,0.14126553,0.3266299,0.4949716,0.40100887,0.23375767,0.26162922,0.3560003,0.4030764,4
0.063903846,0.17056523,0.10576742,0.33245862,0.6580941,0.4658891,0.21998729,0.18100522,0.24605745,0.23079509,5
0.10522033,0.19925056,0.102146335,0.29566696,0.39046744,0.37896523,0.19429986,0.25641742,0.5874533,0.3266374,7
0.10718632,0.1577139,0.09399094,0.30952066,0.35539424,0.40233904,0.18040098,0.2395326,0.6280623,0.29399925,2
0.05557944,0.13022485,0.108982176,0.38970894,0.53751594,0.5400601,0.20960169,0.18999676,0.28629118,0.27132964,3
0.11214188,0.21715194,0.180161,0.27687526,0.50647914,0.43935722,0.24057922,0.18094318,0.38251558,0.38034007,4
0.10421992,0.16412373,0.08640877,0.31518933,0.41311324,0.41272762,0.206505,0.2475536,0.5469651,0.3335958,7
0.102362946,0.18466593,0.11221784,0.2759057,0.3760565,0.365822,0.22062859,0.22155757,0.6113819,0.3462757,2
0.07009159,0.13582993,0.10826744,0.4138221,0.5271909,0.5312315,0.2067247,0.23054954,0.2809313,0.24231993,3
0.14844613,0.22130707,0.13289955,0.31589276,0.4820114,0.4257557,0.25784913,0.25272828,0.3510997,0.3798747,4
0.101737626,0.19869688,0.08858325,0.26895282,0.3705834,0.39124098,0.20615731,0.23366871,0.6064253,0.33872005,7
0.104182556,0.20430805,0.10175784,0.3140614,0.2985261,0.38676736,0.22588295,0.2552395,0.6355386,0.28218535,2
0.06217337,0.12966397,0.11590521,0.41344598,0.5014705,0.52899617,0.20611584,0.23244075,0.3197782,0.2546956,3
0.048120234,0.13333982,0.08604599,0.33677992,0.66738313,0.5023439,0.18814062,0.18204658,0.2368086,0.19161046,5
0.11840008,0.16964923,0.10070292,0.2977127,0.40517905,0.3384066,0.19325018,0.25753227,0.57807815,0.3766892,7
0.098538235,0.18147145,0.09721579,0.30997428,0.38280103,0.3795772,0.19701916,0.21590194,0.6078164,0.32609347,2
0.051583227,0.14135574,0.11755896,0.41205433,0.49721104,0.54514027,0.24074422,0.1979052,0.31885308,0.22485664,3
0.046375804,0.13885808,0.08694163,0.36854938,0.58209383,0.5587989,0.22598471,0.18822126,0.23799117,0.2023724,5
0.10281137,0.16120988,0.0875546,0.29772505,0.41059038,0.43609932,0.16632578,0.24064715,0.5597982,0.33078519,7
0.091762,0.11799704,0.14316759,0.38809678,0.5668073,0.49252066,0.20577544,0.1961709,0.27778634,0.2910351,3
0.1182332,0.18973568,0.11827018,0.37143248,0.536419,0.43915448,0.2437501,0.20950928,0.3089444,0.34454978,4
0.061218012,0.13244545,0.12610431,0.38770753,0.5997982,0.50500995,0.22271734,0.21941356,0.22379477,0.2233132,5
0.0983349,0.19781835,0.089894176,0.26994178,0.41846687,0.36544958,0.2060707,0.26067215,0.562655,0.3668583,7
0.11978005,0.19784275,0.08268539,0.29186198,0.38439858,0.38729513,0.23297013,0.2194347,0.55141497,0.38761562,2
0.08947081,0.17473245,0.12113541,0.3923771,0.4863975,0.5139217,0.23008409,0.19388522,0.3324764,0.30176353,3
0.11920013,0.18494236,0.14831717,0.3225667,0.56044155,0.43860486,0.2601043,0.20443407,0.31241545,0.3346945,4
0.0777828,0.16413286,0.11027924,0.33491662,0.65980333,0.45542136,0.22921236,0.18304425,0.24145271,0.23577012,5
0.101879604,0.17846604,0.09804977,0.29107934,0.3852682,0.39364985,0.16478555,0.21971849,0.59220946,0.36591688,7
0.12235755,0.18751995,0.114839435,0.2682725,0.43918714,0.3948742,0.23709975,0.21160154,0.52937996,0.36696202,2
0.0907582,0.1557437,0.15286586,0.38615245,0.52919626,0.48374462,0.2553485,0.20911612,0.2779232,0.3078864,3
0.11040183,0.20150284,0.13197279,0.35900232,0.6110997,0.34843737,0.22844759,0.22221632,0.31769314,0.32180712,4
0.08115034,0.13683002,0.1536963,0.3401661,0.62064636,0.4691141,0.2882936,0.1758515,0.22985221,0.25143126,5
0.08442446,0.16937053,0.116266005,0.26044744,0.4422134,0.3539306,0.18718362,0.23625104,0.6098415,0.31505075,7
0.12143426,0.18605016,0.1216559,0.34754372,0.4463106,0.41594854,0.24208915,0.24078323,0.43917134,0.365227,2
0.09183827,0.18297729,0.13665299,0.38752162,0.56746006,0.459664,0.21093042,0.22394519,0.26052955,0.3056421,3
0.09983242,0.19952531,0.11665027,0.3107502,0.49708843,0.41059566,0.2476875,0.26024124,0.45539877,0.29648247,4
0.07795162,0.1343583,0.11521359,0.41341576,0.57216585,0.5198199,0.25970772,0.15232377,0.22249651,0.23225607,5
0.09781828,0.18121149,0.09485524,0.29109445,0.48485607,0.39308864,0.2098774,0.23239455,0.52344745,0.31969252,7
0.12049861,0.17195512,0.13019519,0.34463266,0.5501439,0.5114231,0.20568427,0.18621083,0.29463005,0.3036277,3
0.09565971,0.17619345,0.117416255,0.34511557,0.56865066,0.44642165,0.24839172,0.20160057,0.3515849,0.27982968,4
0.09448496,0.14189145,0.13695887,0.37082,0.6310944,0.4486664,0.21483697,0.17859039,0.20758224,0.3065169,5
0.086702585,0.1868019,0.12142343,0.277401,0.43607998,0.432088,0.17935482,0.23231281,0.57086766,0.27748847,7
0.13288762,0.16952196,0.1097079,0.30840993,0.40739244,0.39424932,0.21955606,0.2615063,0.5372206,0.34619826,2
0.09156707,0.17049752,0.11140308,0.35600957,0.5624258,0.54987,0.17868508,0.19584666,0.2365948,0.2800918,3
0.08578669,0.18543698,0.11787608,0.35057107,0.5603048,0.4361018,0.2511511,0.18260181,0.3429521,0.32139748,4
0.07382333,0.15781803,0.13741621,0.38983524,0.5996508,0.50350904,0.25549272,0.16944401,0.19548127,0.23126961,5
0.12611131,0.12708801,0.09929446,0.29088506,0.37311602,0.40779725,0.1953456,0.225026,0.5978494,0.34890747,7
0.13296497,0.16099864,0.098224446,0.33043742,0.4167369,0.392404,0.222431,0.22291085,0.52070147,0.3736542,2
0.10152857,0.14391723,0.096441194,0.31790248,0.6092687,0.52056235,0.19891243,0.19359976,0.2432318,0.28322196,3
0.08922581,0.14800625,0.12454268,0.3386316,0.57072794,0.45421675,0.23196635,0.2000596,0.35772386,0.29344302,4
0.10499284,0.18103941,0.09660203,0.2621665,0.40807727,0.3911974,0.16027716,0.20886444,0.6385915,0.2854179,7
0.121763036,0.17498936,0.12900688,0.30917147,0.37964156,0.4284101,0.27825385,0.3035297,0.48141423,0.33666694,2
0.101412065,0.15138139,0.088615276,0.34442383,0.62230146,0.49375394,0.17814545,0.19646367,0.27893043,0.24724644,3
0.105974436,0.14848058,0.15041003,0.37334082,0.63447934,0.3977975,0.28248104,0.208809,0.18813577,0.29174954,5
0.1037841,0.16410032,0.077749155,0.31361178,0.36442056,0.3920557,0.18325569,0.216154,0.6501302,0.2615686,7
0.107971005,0.18277964,0.102958485,0.31986627,0.39313766,0.40131375,0.22559887,0.24783963,0.512917,0.38859478,2
0.09402873,0.16461037,0.10172446,0.31781042,0.5663401,0.5214513,0.20599644,0.20638108,0.2616748,0.3264301,3
0.1258707,0.16121846,0.13010418,0.33868158,0.61500996,0.4619313,0.23385425,0.18633758,0.2410414,0.29564282,5
0.08572611,0.16137916,0.10812079,0.30111054,0.39350846,0.3749812,0.1706357,0.22268973,0.6475458,0.26602146,7
0.11889083,0.18667477,0.102675006,0.343459,0.35652235,0.3806524,0.21672784,0.25117803,0.5422951,0.38257235,2
0.10279663,0.17278305,0.108711496,0.35099247,0.5113122,0.525863,0.22977489,0.21106589,0.30767873,0.3075408,3
0.11008347,0.15069404,0.1562409,0.3425443,0.63257456,0.45584372,0.23194505,0.18735127,0.23266238,0.26916605,5
0.102389865,0.15016545,0.08333967,0.28664762,0.40596822,0.38035318,0.1654819,0.2374524,0.6404497,0.27282175,7
0.10335448,0.16752274,0.1190549,0.2961611,0.42756665,0.3744466,0.25579664,0.2703891,0.49100697,0.3958726,2
0.09807681,0.19959156,0.096177764,0.3390203,0.5738174,0.5151707,0.22229138,0.21319354,0.23143052,0.28856027,3
0.10518499,0.13403404,0.1308592,0.37429684,0.63107866,0.4277839,0.24009019,0.2038224,0.2355796,0.27893507,5
0.09533709,0.16248445,0.11858647,0.23929177,0.41393957,0.38013488,0.19460446,0.24733755,0.6256326,0.29474524,7
0.10913054,0.16572854,0.13723412,0.32731467,0.4528352,0.3512241,0.24022527,0.26267612,0.526269,0.32026908,2
0.10733903,0.22303611,0.13239725,0.3162213,0.5911298,0.43330574,0.18881205,0.24555585,0.25179875,0.3530859,3
0.10321142,0.15268627,0.12772602,0.340446,0.6220357,0.43507743,0.23548014,0.18383284,0.28499088,0.29517952,5
0.08939715,0.1837694,0.12592842,0.27058342,0.4395222,0.38293114,0.1877685,0.22537471,0.59693533,0.29489842,7
0.11378639,0.21566649,0.13667586,0.2930345,0.42664018,0.4073135,0.25106353,0.28820452,0.4697704,0.34826145,2
0.110414095,0.20242146,0.11169462,0.3413425,0.5742824,0.47427854,0.2541529,0.22503738,0.23857878,0.30157596,3
0.08761237,0.18918997,0.1509937,0.3962583,0.5721871,0.3925307,0.24064878,0.22151001,0.25720185,0.34943044,5
0.09087341,0.15496166,0.12979585,0.24695265,0.455596,0.35162595,0.16362631,0.20445447,0.6344053,0.2960448,7
0.10001531,0.19657136,0.122712836,0.35208565,0.4210795,0.43240386,0.17425,0.2599735,0.4605111,0.37152794,2
0.109108694,0.1844442,0.112139285,0.3146348,0.5779804,0.48124278,0.22736159,0.2122213,0.27741992,0.32117954,3
0.1409604,0.19787627,0.1598937,0.37639898,0.5621973,0.45693603,0.24924572,0.23135921,0.22623882,0.2864297,5
0.090017475,0.17341591,0.113944136,0.2829762,0.43211693,0.42082778,0.1645172,0.2535763,0.57839465,0.28113475,7
0.1242922,0.20293923,0.11702758,0.2834387,0.4538207,0.38802582,0.21864085,0.24829496,0.48293656,0.38747254,2
0.11033384,0.17371206,0.11759923,0.329846,0.5792665,0.4567591,0.26252627,0.2269071,0.27781972,0.3053742,3
0.10756184,0.187113,0.15601268,0.3784633,0.57870513,0.40978587,0.2501141,0.25665632,0.23701335,0.313713,5
0.08581818,0.1723453,0.1257221,0.28832814,0.39678276,0.4239762,0.19725168,0.21590692,0.59663254,0.2920726,7
0.1413736,0.18246403,0.10836891,0.29898718,0.47368038,0.37265453,0.2332092,0.25625578,0.43858185,0.41222718,2
0.10189877,0.1840773,0.10120416,0.31439626,0.56465125,0.48637545,0.22953685,0.17384791,0.29870698,0.34513268,3
0.095646895,0.18496233,0.13388132,0.40811667,0.56985945,0.42360154,0.25839412,0.21623497,0.27152056,0.28413144,5
0.09340555,0.17965998,0.14361756,0.2937232,0.41442037,0.41364196,0.20383663,0.2977336,0.55266386,0.2713347,7
0.1442051,0.16150871,0.12855352,0.35633835,0.45531446,0.34214166,0.21387199,0.24664132,0.52568674,0.31988257,2
0.091008894,0.22173563,0.114323325,0.26684532,0.59829164,0.44617188,0.23870395,0.20925064,0.2846069,0.34566697,3
0.105579145,0.22793539,0.14081316,0.36452398,0.5161853,0.44910792,0.20856851,0.25059253,0.29528105,0.3500843,5
0.09724165,0.1680388,0.109804876,0.29131955,0.39175755,0.34790403,0.15210465,0.22750737,0.65666103,0.29115728,7
0.13299909,0.18010207,0.15707561,0.30117628,0.44580096,0.37555814,0.2692941,0.2559307,0.45098296,0.39154413,2
0.11878807,0.20434318,0.10593987,0.31403148,0.56106347,0.44347098,0.2510564,0.21466485,0.29347178,0.3572107,3
0.11198994,0.2113853,0.12910323,0.33810967,0.5249977,0.49950114,0.22791277,0.25488356,0.23843531,0.33601105,5
0.10635216,0.16088328,0.102663785,0.24772504,0.43482465,0.35022777,0.18056132,0.2002262,0.6434947,0.30395374,7
0.116598085,0.19449496,0.115188606,0.32654867,0.5007467,0.34183148,0.23149893,0.21964876,0.48140827,0.3570531,2
0.0889071,0.24080014,0.11521113,0.29975536,0.589912,0.45149764,0.20466815,0.22069465,0.2736961,0.33709484,3
0.12914146,0.20042443,0.12421027,0.32627442,0.5378515,0.44376224,0.27112517,0.23626624,0.29006088,0.34870356,5
0.083287425,0.16989776,0.091485694,0.25698787,0.45428672,0.3712465,0.1559477,0.19899805,0.62301856,0.30579907,7
0.092434235,0.18652502,0.1255107,0.34724584,0.54390895,0.3808954,0.20002022,0.25752306,0.37064397,0.36838892,2
0.09714129,0.20080458,0.11442907,0.31978312,0.5685597,0.5112282,0.19929278,0.195521,0.30436596,0.28228837,3
0.12670848,0.1698353,0.19115143,0.3080862,0.50695723,0.4658257,0.23369958,0.21115328,0.31291062,0.39055294,5
0.090223916,0.16037048,0.09235865,0.25812036,0.4505939,0.43153057,0.16308042,0.22574496,0.5836263,0.28905976,7
0.12779923,0.17850019,0.09893202,0.32653522,0.56823546,0.39764193,0.2096124,0.20156461,0.35434633,0.3798087,2
0.09806606,0.21136688,0.11101264,0.27493715,0.6000759,0.45961693,0.20523526,0.23987891,0.26685077,0.33997244,3
0.112215385,0.20236339,0.158557,0.29132438,0.52084243,0.44583613,0.24672922,0.20841853,0.32593006,0.3947858,5
0.095621035,0.15225051,0.08818516,0.28527588,0.37521932,0.364035,0.18907222,0.19182578,0.66199934,0.30727488,7
0.11144116,0.17792293,0.14132866,0.36284918,0.60585505,0.3736047,0.22724171,0.22510183,0.3175329,0.3074305,2
0.0868132,0.19265427,0.092370674,0.32385066,0.6461198,0.44977403,0.21264824,0.2191417,0.24082737,0.26632443,3
0.12018489,0.1843371,0.14126006,0.360664,0.48665443,0.42644078,0.27734753,0.22321245,0.33370075,0.38046893,5
0.095717534,0.15330863,0.12539446,0.2558199,0.4844666,0.38094202,0.17862609,0.19002967,0.5983308,0.28341475,7
0.16088049,0.16987848,0.15203345,0.35185733,0.59565777,0.37850532,0.24625453,0.25396726,0.26008716,0.32784212,2
0.085582785,0.1961176,0.107999906,0.352518,0.5553058,0.49165308,0.20663068,0.23464909,0.27180618,0.31073806,3
0.108130254,0.18075928,0.16572268,0.28684238,0.55388534,0.44777,0.2984848,0.20963472,0.30377126,0.33658215,5
0.09802324,0.15365988,0.09894801,0.27348694,0.41491973,0.38331026,0.16340938,0.19113247,0.6365196,0.30776247,7
0.1299504,0.23234504,0.15760078,0.27839863,0.5934359,0.442234,0.26890147,0.21330653,0.22646417,0.33159342,2
0.07238682,0.17534916,0.101362,0.3442837,0.6116637,0.48054314,0.20465623,0.20060049,0.2728365,0.27127248,3
0.118558966,0.1841959,0.16613142,0.3699833,0.56463456,0.41857344,0.20811835,0.26199138,0.24963132,0.3453173,5
0.08084373,0.17020892,0.13549852,0.2527278,0.39605615,0.36047882,0.19791456,0.2170222,0.6565549,0.27950576,7
0.13114883,0.22356045,0.17319627,0.31748903,0.60186946,0.40967318,0.23636667,0.21966666,0.2588545,0.31751704,2
0.08619542,0.17763272,0.11592263,0.35159472,0.61941856,0.4606401,0.17991753,0.21590178,0.2679684,0.27802938,3
0.11506121,0.21309195,0.17929168,0.3642091,0.58132476,0.37513065,0.24085768,0.23713236,0.27553263,0.3282301,5
0.10018644,0.17737722,0.119666025,0.26245257,0.42334324,0.37732854,0.24865888,0.26738375,0.5526164,0.33910483,7
0.122487165,0.21504761,0.17098078,0.3570832,0.55989677,0.39392012,0.2450305,0.26140475,0.27430487,0.33126345,2
0.09234447,0.17913115,0.09794365,0.3267734,0.64180374,0.45931444,0.169952,0.20748694,0.24005187,0.30094752,3
0.12504293,0.25799054,0.17316437,0.33532774,0.5598378,0.4012023,0.20518671,0.24452971,0.26840335,0.35644966,5
0.08213345,0.16587318,0.10596053,0.2691754,0.40369964,0.37991515,0.15548876,0.2019999,0.63076454,0.33452,7
0.14532459,0.2290649,0.18282185,0.35400528,0.5591301,0.38510266,0.24039008,0.26054478,0.28710487,0.31406307,2
0.07908957,0.18246101,0.13111839,0.35116142,0.596759,0.50320613,0.20025007,0.205736,0.21792537,0.28405946,3
0.13540187,0.27065164,0.1440477,0.31312177,0.54689395,0.4032929,0.21187426,0.26367322,0.30035526,0.35107443,5
0.08053524,0.16393632,0.11478633,0.24908489,0.45025128,0.34399337,0.16349901,0.18688528,0.65648824,0.27879617,7
0.13082093,0.2402648,0.14428386,0.35293865,0.5578349,0.4148697,0.24649926,0.21721093,0.30324104,0.31077477,2
0.08150056,0.22425708,0.098110355,0.33017403,0.6255221,0.45326287,0.19116582,0.23682822,0.25522527,0.2644405,3
0.1270337,0.2325073,0.13942242,0.31484717,0.6031855,0.3524964,0.218165,0.23750272,0.3234156,0.3384491,5
0.10603643,0.16016965,0.1230426,0.27390453,0.49319065,0.3729441,0.19788846,0.2109604,0.59239584,0.23668012,7
0.12502314,0.22716606,0.18237378,0.32443282,0.57018524,0.3503204,0.22026287,0.24458747,0.3375216,0.35235313,2
0.09995147,0.19968292,0.10736915,0.35182235,0.6253612,0.4174925,0.21283469,0.23086302,0.279664,0.26952627,3
0.14721501,0.21006471,0.16821061,0.3338621,0.5175461,0.40567306,0.2621684,0.24763581,0.30343387,0.37401778,5
0.10182601,0.1706832,0.114652865,0.32115987,0.4068616,0.4334942,0.2052169,0.23087004,0.5670734,0.27160427,7
0.15689614,0.22482497,0.19307418,0.30379605,0.5676169,0.36978075,0.23134747,0.20256294,0.2934385,0.3945649,2
0.10269829,0.21971878,0.111068055,0.36638525,0.59773135,0.4127331,0.2179874,0.19275847,0.27307358,0.32821873,3
0.12078725,0.24303542,0.16566989,0.30209637,0.61325103,0.3904994,0.21433629,0.26925272,0.25923297,0.30566338,5
0.081150346,0.19026457,0.13580725,0.30754465,0.52452266,0.3595211,0.24467449,0.23551136,0.48993176,0.29059082,7
0.11726356,0.22297606,0.1709537,0.31750628,0.6257552,0.42166534,0.20452164,0.22897354,0.24903804,0.28433508,2
0.13059558,0.21071993,0.16133797,0.31401682,0.56649,0.41593283,0.17806362,0.22582808,0.31984124,0.36741105,3
0.12082877,0.24159415,0.14886603,0.31582654,0.6189654,0.38134798,0.22325249,0.24043441,0.23201305,0.33926433,5
0.09090412,0.1646701,0.13039333,0.28281885,0.53105557,0.35067013,0.19408615,0.18910062,0.56880045,0.2562797,7
0.10531805,0.2176853,0.1650854,0.35988718,0.62206954,0.39911577,0.21364978,0.2154352,0.24634866,0.29281235,2
0.10030485,0.23283526,0.117074005,0.35274354,0.5773401,0.4355108,0.2503925,0.20492469,0.3038057,0.2785904,3
0.07394115,0.25884706,0.11971185,0.33884573,0.6600916,0.40650898,0.18125674,0.21520118,0.22330643,0.26149905,5
0.07560352,0.19652706,0.11239951,0.29558897,0.48368558,0.43628362,0.1752596,0.1874998,0.53831077,0.2751527,7
0.13568845,0.19319193,0.19538619,0.3509813,0.5784045,0.39679098,0.22461994,0.252598,0.2621936,0.3284839,2
0.13166156,0.23709539,0.11619327,0.30738005,0.60897076,0.40121442,0.22278762,0.27166528,0.24894121,0.3181843,3
0.12476042,0.24010064,0.12933281,0.2920313,0.6702717,0.35223478,0.17297037,0.28541735,0.21052414,0.3094214,5
0.08257023,0.15287127,0.15764742,0.32675394,0.50621986,0.41957098,0.18789224,0.1929082,0.5161669,0.25874323,7
0.14284423,0.18430853,0.18640907,0.3309725,0.5840676,0.37139216,0.21379745,0.24262056,0.2863945,0.36833632,2
0.112340994,0.23285006,0.16397844,0.2865154,0.56986636,0.38897857,0.24118699,0.26881534,0.2782697,0.3745151,3
0.079961285,0.27767596,0.13443549,0.2671192,0.7050166,0.31416515,0.1798797,0.29204023,0.20722756,0.26597214,5
0.0844698,0.17732932,0.13848346,0.2892928,0.55123776,0.4071834,0.16901799,0.19320829,0.5098164,0.25115824,7
0.12864771,0.20834981,0.205043,0.36899784,0.5468363,0.35813043,0.2480538,0.25253886,0.28504696,0.35776028,2
0.13073593,0.18473278,0.14387597,0.30976173,0.47733596,0.46100953,0.24197695,0.25187188,0.38464573,0.34900606,3
0.103563346,0.22716564,0.13574451,0.27376285,0.7152714,0.36518797,0.1872178,0.23595467,0.20923509,0.25459322,5
0.09176593,0.19048734,0.13619676,0.31688762,0.5712217,0.38088873,0.2337833,0.20290144,0.45219564,0.2542661,7
0.13265708,0.20758514,0.18577936,0.34745583,0.56032646,0.37361452,0.24202812,0.23920764,0.29789037,0.3549377,2
0.1211733,0.21251218,0.11618892,0.31548518,0.47629586,0.47469118,0.24597658,0.26113498,0.3372012,0.3640533,3
0.0796116,0.15904479,0.13259129,0.32561916,0.5100934,0.42499903,0.20987737,0.23268713,0.4818523,0.27122965,7
0.122485824,0.23165925,0.15968674,0.3471218,0.54189855,0.4234021,0.26022917,0.24756885,0.29063115,0.31454498,2
0.1369246,0.18080714,0.12027465,0.27606076,0.48645926,0.40759677,0.20962697,0.21990737,0.46755606,0.37973106,3
0.09798011,0.14078973,0.104925774,0.32480168,0.52987874,0.43141243,0.19701712,0.2124618,0.48935756,0.25250325,7
0.10609887,0.18724181,0.19236681,0.3666594,0.5433129,0.45847237,0.2549989,0.21911739,0.2738471,0.2980344,2
0.12138822,0.2238128,0.1051782,0.31382412,0.4660713,0.41122773,0.24407448,0.2335369,0.44978473,0.35053664,3
0.090346344,0.14263219,0.11396828,0.39668685,0.5388467,0.37361428,0.21583359,0.2511251,0.43049237,0.27609673,7
0.13250098,0.19399898,0.16651338,0.37538248,0.5517014,0.40077147,0.2593061,0.22899811,0.32137886,0.29700658,2
0.13664086,0.17047505,0.12257429,0.28962597,0.44835144,0.4827194,0.20744495,0.2813182,0.42534602,0.34092584,3
0.0919689,0.18161039,0.11289258,0.30285874,0.52482355,0.44844663,0.20116478,0.21600586,0.4376465,0.3144628,7
0.12226188,0.20984869,0.1454869,0.35704285,0.574191,0.3782021,0.24189773,0.23958296,0.28735757,0.34806374,2
0.10400803,0.18466938,0.14093474,0.31059286,0.44277474,0.43258885,0.2115528,0.27125895,0.41293865,0.40830404,3
0.09204114,0.16538438,0.10889589,0.3079276,0.49948153,0.42902666,0.21720827,0.23000562,0.48606768,0.2959888,7
0.119014286,0.22994384,0.15990916,0.36303225,0.6160572,0.358388,0.22682035,0.2393941,0.2808736,0.28281188,2
0.09551946,0.22566351,0.09811639,0.27951923,0.45520484,0.40717125,0.26388034,0.24313158,0.40886092,0.42811376,3
0.101997055,0.16460222,0.12713845,0.29490024,0.56240153,0.41346496,0.2520365,0.17475319,0.43790752,0.2937681,7
0.13761279,0.16693279,0.18799524,0.37149644,0.53688294,0.38325334,0.2913772,0.28174242,0.26446265,0.33241245,2
0.1049099,0.1937086,0.103662156,0.30592,0.41617438,0.4414203,0.21946207,0.214628,0.5229919,0.33367035,3
0.07724516,0.13941254,0.1268327,0.36125848,0.5589448,0.45230338,0.23460226,0.21911119,0.36736754,0.27018255,7
0.1223796,0.25321114,0.1590359,0.32871908,0.5239561,0.40259686,0.25386292,0.26331666,0.295678,0.36019006,2
0.098280616,0.17898998,0.119858205,0.27950683,0.43662947,0.47480398,0.20608482,0.24227567,0.47014555,0.35710493,3
0.08651285,0.14660752,0.15889198,0.35715112,0.5442024,0.46085924,0.21663053,0.2074027,0.36829808,0.28996995,7
0.13233672,0.23143324,0.18854125,0.33842286,0.5646359,0.39806855,0.23913914,0.24051283,0.2785801,0.33005285,2
0.10630183,0.15694778,0.10594473,0.34104237,0.39080533,0.44780737,0.20217945,0.2412737,0.51741016,0.34127724,3
0.071321994,0.16661115,0.12081024,0.37515265,0.57124794,0.45568463,0.21057257,0.20806469,0.3475563,0.263476,7
0.13180435,0.20649572,0.17642374,0.3269569,0.604947,0.34540978,0.21931683,0.26069388,0.2953124,0.33678135,2
0.102520846,0.18422283,0.10636786,0.33707133,0.39307618,0.43791786,0.19635195,0.26693118,0.47329032,0.3879809,3
0.09332213,0.18790989,0.13989773,0.33564723,0.57455564,0.42201373,0.19493945,0.19890252,0.37816912,0.3081643,7
0.1255148,0.22363731,0.16136916,0.3238395,0.5792496,0.4121104,0.24883468,0.22674142,0.2836916,0.32271343,2
0.11533605,0.19922997,0.13063848,0.2836319,0.41116217,0.46467325,0.19382767,0.29617992,0.44433868,0.37654686,3
0.09483812,0.17118321,0.14467582,0.43177482,0.5281477,0.4035765,0.21192609,0.23792796,0.3726419,0.26859492,7
0.096317016,0.20302865,0.17409587,0.3699548,0.5984832,0.3901603,0.2208573,0.21983443,0.2964459,0.29484585,2
0.10465047,0.19658172,0.09960859,0.32209775,0.432416,0.4341512,0.23129149,0.26313502,0.47119677,0.34132394,3
0.07215727,0.18514034,0.14989032,0.39655212,0.568378,0.3945048,0.19355069,0.21417952,0.353776,0.30596727,7
0.13531868,0.24849595,0.13751216,0.30460697,0.56156397,0.3989871,0.26165986,0.22820202,0.3062702,0.34547842,2
0.1044561,0.19159868,0.11773348,0.27792734,0.46433994,0.40648678,0.21805185,0.2849257,0.42992532,0.40849224,3
0.08434524,0.18280871,0.14524402,0.3603726,0.59301436,0.38016787,0.22536595,0.20776334,0.3666433,0.28970018,7
0.1302786,0.20956734,0.15133557,0.33324796,0.5724687,0.40876222,0.22004461,0.2221444,0.31871724,0.3331621,2
0.12858677,0.17522468,0.10809404,0.33386838,0.43983334,0.45468536,0.2065631,0.2725016,0.47013235,0.30243576,3
0.09176229,0.22284807,0.15799272,0.3555274,0.56266963,0.35717425,0.20600334,0.20622815,0.37751263,0.3448235,7
0.12717344,0.23565337,0.1511113,0.35006854,0.5297136,0.40428206,0.25886256,0.26553422,0.2867103,0.34518155,2
0.11587238,0.1982127,0.11563,0.3276311,0.43643343,0.42074785,0.2071498,0.2631545,0.45667645,0.37196124,3
0.08055856,0.22615361,0.14107466,0.34463036,0.6242904,0.31869107,0.21997242,0.23642863,0.36851296,0.26889023,7
0.117099896,0.22945644,0.14443256,0.33120787,0.5568427,0.40797704,0.2832876,0.25845465,0.28732377,0.3113732,2
0.13453557,0.19910431,0.10796796,0.27935308,0.40909082,0.4018848,0.2201443,0.22933903,0.5310292,0.37502503,3
0.098022625,0.19872144,0.15114574,0.39845407,0.55179685,0.4283852,0.20735185,0.2297181,0.35058242,0.25024733,7
0.12081656,0.22701983,0.12609999,0.31399503,0.60044116,0.37868187,0.20332237,0.25136194,0.3028803,0.34522817,2
0.112664804,0.17171234,0.111593455,0.31812835,0.46436685,0.3705922,0.18574981,0.2216348,0.5597113,0.30706012,3
0.078817494,0.22605604,0.17971839,0.30906382,0.5671673,0.41256574,0.17250647,0.24312524,0.36879498,0.3132092,7
0.12826754,0.18731734,0.15517937,0.3277578,0.5724255,0.3863405,0.21817449,0.22852732,0.32035795,0.37090433,2
0.10634997,0.17361583,0.13681738,0.3513406,0.50229704,0.41356215,0.2150885,0.24524605,0.4243207,0.3264893,3
0.08584917,0.19052525,0.13098745,0.30545604,0.6009933,0.42883775,0.17352533,0.23671341,0.33380407,0.32125503,7
0.10530575,0.22322975,0.12289009,0.33290654,0.5813721,0.39497665,0.2383782,0.24994747,0.3442299,0.2852336,2
0.10406446,0.18681097,0.15219553,0.34967232,0.49002162,0.4128757,0.2113361,0.26053518,0.4227716,0.32706758,3
0.07738459,0.21734765,0.1571212,0.33656636,0.5328009,0.4602047,0.25373548,0.21729933,0.31924957,0.31562886,7
0.10831952,0.1987243,0.17410749,0.29314616,0.52650845,0.39451048,0.24109712,0.25130892,0.40430275,0.33901793,2
0.11880414,0.19672874,0.1350489,0.38106674,0.46092322,0.36266607,0.21371163,0.22560796,0.43053585,0.39727026,3
0.08952846,0.20779592,0.124618314,0.31508815,0.52300954,0.44467154,0.20410469,0.2517157,0.36837035,0.34929532,7
0.124263,0.17591265,0.1732315,0.3379741,0.49405035,0.41559657,0.2546513,0.255157,0.38962102,0.33288825,2
0.121488035,0.19424848,0.109862275,0.34431815,0.41223973,0.48560396,0.18153566,0.26940832,0.4456909,0.32703874,3
0.10243121,0.2302092,0.13292249,0.3359364,0.49870023,0.43318516,0.20456865,0.2583451,0.4051139,0.31133723,7
0.1402667,0.20094566,0.14349256,0.28254384,0.47685564,0.3957311,0.23495322,0.25807422,0.413599,0.4033128,2
0.12307943,0.21084403,0.099300295,0.33116904,0.4507756,0.40670174,0.19909292,0.2532311,0.4712725,0.355522,3
0.10099567,0.19172323,0.1551678,0.37307027,0.48240474,0.45735136,0.20386818,0.22946429,0.3963209,0.31082594,7
0.12206524,0.2033919,0.16453773,0.33323663,0.46469954,0.4253615,0.2523624,0.24249254,0.3934033,0.36260006,2
0.10515063,0.20813082,0.10750138,0.28467414,0.41755104,0.38137475,0.21219757,0.26843366,0.5293193,0.36874115,3
0.09503263,0.21740733,0.14467192,0.28284153,0.5744365,0.38464385,0.19116688,0.24197952,0.4060921,0.32378355,7
0.11767576,0.16217802,0.16083857,0.34545806,0.5275458,0.37227508,0.24131654,0.2966086,0.36432844,0.34467587,2
0.104044974,0.19140548,0.13077852,0.27902406,0.39968812,0.400053,0.1717645,0.25543684,0.58270174,0.3217078,3
0.08887256,0.24610093,0.17938903,0.27578098,0.5946204,0.39653727,0.1936738,0.30538282,0.33107057,0.26853168,7
0.11703046,0.16462854,0.14907415,0.34072533,0.4594298,0.43029773,0.23851202,0.21218762,0.45895082,0.33482128,2
0.11370547,0.18868062,0.09590154,0.29314813,0.39752877,0.40237123,0.1887169,0.28793788,0.5834632,0.2783065,3
0.07497201,0.26745242,0.13204388,0.30596828,0.5908906,0.40532172,0.1733518,0.2583772,0.3464912,0.28547,7
0.08407523,0.22927687,0.14227775,0.33403552,0.46185008,0.43953517,0.24958067,0.26213735,0.35779107,0.37818405,2
0.10656201,0.18748797,0.11774373,0.2982674,0.4376619,0.36371562,0.19973294,0.26813987,0.5652351,0.309105,3
0.08305779,0.23627451,0.13433017,0.34663564,0.5363983,0.41814372,0.18608491,0.24663156,0.37123182,0.3213093,7
0.12384074,0.1492451,0.15595059,0.3073414,0.48769408,0.45912492,0.2565879,0.21741985,0.3998458,0.3492611,2
0.10073516,0.19146359,0.09675639,0.3721416,0.44316623,0.39480492,0.23498991,0.25224075,0.46810806,0.33927143,3
0.08697797,0.23831858,0.13763015,0.33970916,0.5597205,0.41576546,0.23128323,0.18887451,0.39189848,0.26906672,7
0.096011735,0.21235165,0.15024672,0.33641174,0.47676623,0.4355065,0.20877156,0.24431214,0.4255328,0.32957175,2
0.113639675,0.16821335,0.13220526,0.27874714,0.4222185,0.44064483,0.2203384,0.24102724,0.52703965,0.32674426,3
0.07343271,0.22908182,0.14358471,0.32800686,0.56167907,0.38265944,0.20494606,0.23188956,0.43076733,0.2658504,7
0.10916725,0.1770851,0.13983311,0.36500788,0.47805882,0.44654667,0.28122455,0.22780326,0.3439334,0.35598236,2
0.09529264,0.20445627,0.113306776,0.3087077,0.35901693,0.45971668,0.22497235,0.24386138,0.5021768,0.37213296,3
0.0857965,0.19849078,0.13022879,0.28999525,0.52136165,0.43033978,0.20358166,0.24078348,0.42239034,0.34254554,7
0.12035014,0.16643375,0.15255153,0.40905458,0.4514828,0.43451786,0.30531344,0.2529653,0.3406448,0.31832227,2
0.10586661,0.19670942,0.124104805,0.2860106,0.40032667,0.42015797,0.21480434,0.23594129,0.54166424,0.34769243,3
0.08247318,0.23028557,0.13402233,0.29716304,0.5600812,0.38951984,0.18470705,0.26107314,0.43297768,0.2806007,7
0.092019476,0.18708837,0.12129176,0.2697429,0.3991458,0.40814346,0.2081705,0.24033648,0.59495556,0.29679972,3
0.097687855,0.19604222,0.15324876,0.2981864,0.44703948,0.43198538,0.18768609,0.2687024,0.50965106,0.293253,7
0.11607683,0.22215116,0.15062079,0.3341342,0.39465958,0.4254844,0.27471352,0.28218958,0.37232375,0.4151217,2
0.075383306,0.1910431,0.11271739,0.30002266,0.37371546,0.41201508,0.16350618,0.25024265,0.6188866,0.27074897,3
0.094362885,0.1785241,0.1254843,0.35212162,0.4364719,0.44144797,0.23028624,0.27203357,0.42407674,0.35669273,7
0.15627806,0.20321135,0.14768116,0.3017347,0.41716218,0.49773088,0.20236693,0.27040407,0.38998014,0.36539477,2
0.09192947,0.13402343,0.093624264,0.3033448,0.38633215,0.4141695,0.17991889,0.238994,0.61632144,0.28752938,3
0.09592816,0.17912406,0.13364571,0.32030988,0.45625672,0.47514117,0.2069008,0.2358676,0.4701666,0.2912478,7
0.14026468,0.17146215,0.14509481,0.3302877,0.4805169,0.40035447,0.27215597,0.27325207,0.38345903,0.36582464,2
0.09498276,0.1930309,0.10287594,0.30037057,0.3473874,0.40846533,0.23420534,0.23334733,0.58270115,0.34138814,3
0.086568534,0.20032904,0.10214909,0.3346139,0.41599366,0.4233155,0.25406194,0.21483874,0.5299758,0.2935116,7
0.0895321,0.16057225,0.100798234,0.28341478,0.33881137,0.42756578,0.1613273,0.23691572,0.62477916,0.32497102,3
0.08502231,0.19457814,0.14754532,0.33504367,0.45339674,0.43862334,0.21044225,0.22589873,0.47211856,0.32359773,7
0.119034775,0.15879704,0.11338916,0.30457133,0.34681797,0.42945415,0.23249061,0.265257,0.55385524,0.34512487,3
0.06865728,0.19280703,0.11912072,0.33026528,0.46557224,0.4096778,0.20773742,0.20043106,0.5185158,0.31315672,7
0.08925145,0.17086756,0.14978988,0.39075702,0.54703975,0.40530673,0.26350567,0.22072574,0.3363514,0.30479008,2
0.10386883,0.16587956,0.10383037,0.28242508,0.29136762,0.37117335,0.22706014,0.25280747,0.63557756,0.359248,3
0.09434312,0.17300403,0.098715246,0.32499516,0.44175795,0.44442666,0.21338548,0.2543966,0.5054465,0.29565197,7
0.10705063,0.1871776,0.111770906,0.35780755,0.41960782,0.43283778,0.22611012,0.29393777,0.4902958,0.26767772,3
0.09170326,0.19895458,0.10718814,0.31426007,0.43139118,0.44897753,0.2413294,0.25786236,0.49424765,0.29166096,7
0.11282108,0.19491,0.10844934,0.367747,0.4427195,0.39331865,0.21568082,0.26048744,0.48459497,0.31996575,3
0.082120374,0.21137479,0.107742734,0.29022196,0.4034006,0.39406434,0.20418867,0.24213926,0.5885562,0.29664475,7
0.10280295,0.18226273,0.10218743,0.29908565,0.406571,0.37891448,0.2094749,0.2685241,0.581867,0.3047738,3
0.08364315,0.2097237,0.10797562,0.29457638,0.42230928,0.37707087,0.20119087,0.2620794,0.56770283,0.31401974,7
