x,y,width,height,frame,max_w,max_h,label,image
164,100,356,344,1,960,540,2,Bertie_frame_00001.jpg
616,149,345,363,1,960,540,6,George_frame_00001.jpg
596,114,194,206,1,960,540,17,William_frame_00001.jpg
774,1,177,266,1,960,540,9,Henry_frame_00001.jpg
530,1,260,236,1,960,540,4,Edward_frame_00001.jpg
146,107,350,347,2,960,540,2,Bertie_frame_00002.jpg
599,152,362,355,2,960,540,6,George_frame_00002.jpg
583,116,191,221,2,960,540,17,William_frame_00002.jpg
751,1,195,306,2,960,540,9,Henry_frame_00002.jpg
533,1,219,236,2,960,540,4,Edward_frame_00002.jpg
127,109,356,341,3,960,540,2,Bertie_frame_00003.jpg
602,154,359,358,3,960,540,6,George_frame_00003.jpg
587,126,176,219,3,960,540,17,William_frame_00003.jpg
735,1,197,296,3,960,540,9,Henry_frame_00003.jpg
530,1,239,238,3,960,540,4,Edward_frame_00003.jpg
106,117,347,335,4,960,540,2,Bertie_frame_00004.jpg
595,146,366,370,4,960,540,6,George_frame_00004.jpg
579,135,165,210,4,960,540,17,William_frame_00004.jpg
698,28,209,284,4,960,540,9,Henry_frame_00004.jpg
537,1,226,251,4,960,540,4,Edward_frame_00004.jpg
81,121,335,365,5,960,540,2,Bertie_frame_00005.jpg
598,137,363,391,5,960,540,6,George_frame_00005.jpg
569,135,143,221,5,960,540,17,William_frame_00005.jpg
662,38,218,284,5,960,540,9,Henry_frame_00005.jpg
544,1,155,267,5,960,540,4,Edward_frame_00005.jpg
760,24,159,162,5,960,540,10,James_frame_00005.jpg
61,123,323,356,6,960,540,2,Bertie_frame_00006.jpg
593,156,368,368,6,960,540,6,George_frame_00006.jpg
644,46,236,305,6,960,540,9,Henry_frame_00006.jpg
539,1,160,273,6,960,540,4,Edward_frame_00006.jpg
749,37,160,158,6,960,540,10,James_frame_00006.jpg
42,142,323,344,7,960,540,2,Bertie_frame_00007.jpg
608,176,353,350,7,960,540,6,George_frame_00007.jpg
623,59,220,302,7,960,540,9,Henry_frame_00007.jpg
521,1,158,278,7,960,540,4,Edward_frame_00007.jpg
730,40,149,165,7,960,540,10,James_frame_00007.jpg
1,158,344,334,8,960,540,2,Bertie_frame_00008.jpg
604,170,357,359,8,960,540,6,George_frame_00008.jpg
583,62,245,300,8,960,540,9,Henry_frame_00008.jpg
509,1,139,271,8,960,540,4,Edward_frame_00008.jpg
698,44,155,158,8,960,540,10,James_frame_00008.jpg
1,168,306,335,9,960,540,2,Bertie_frame_00009.jpg
609,180,352,353,9,960,540,6,George_frame_00009.jpg
542,68,256,353,9,960,540,9,Henry_frame_00009.jpg
494,1,143,292,9,960,540,4,Edward_frame_00009.jpg
676,40,185,213,9,960,540,10,James_frame_00009.jpg
1,161,335,349,10,960,540,2,Bertie_frame_00010.jpg
623,223,314,314,10,960,540,6,George_frame_00010.jpg
519,71,244,350,10,960,540,9,Henry_frame_00010.jpg
490,1,144,248,10,960,540,4,Edward_frame_00010.jpg
667,38,193,223,10,960,540,10,James_frame_00010.jpg
1,177,323,335,11,960,540,2,Bertie_frame_00011.jpg
641,245,291,290,11,960,540,6,George_frame_00011.jpg
527,56,247,363,11,960,540,9,Henry_frame_00011.jpg
488,1,176,227,11,960,540,4,Edward_frame_00011.jpg
676,41,218,238,11,960,540,10,James_frame_00011.jpg
4,191,326,328,12,960,540,2,Bertie_frame_00012.jpg
665,279,245,251,12,960,540,6,George_frame_00012.jpg
515,66,287,374,12,960,540,9,Henry_frame_00012.jpg
497,1,165,215,12,960,540,4,Edward_frame_00012.jpg
692,41,212,240,12,960,540,10,James_frame_00012.jpg
884,171,77,356,12,960,540,8,Harald_frame_00012.jpg
8,200,326,341,13,960,540,2,Bertie_frame_00013.jpg
520,74,275,366,13,960,540,9,Henry_frame_00013.jpg
488,8,185,209,13,960,540,4,Edward_frame_00013.jpg
688,47,159,194,13,960,540,10,James_frame_00013.jpg
807,179,154,354,13,960,540,8,Harald_frame_00013.jpg
1,212,315,321,14,960,540,2,Bertie_frame_00014.jpg
490,72,315,379,14,960,540,9,Henry_frame_00014.jpg
491,11,184,212,14,960,540,4,Edward_frame_00014.jpg
654,79,194,158,14,960,540,10,James_frame_00014.jpg
785,184,176,357,14,960,540,8,Harald_frame_00014.jpg
1,214,353,325,15,960,540,2,Bertie_frame_00015.jpg
507,72,283,383,15,960,540,9,Henry_frame_00015.jpg
503,11,169,200,15,960,540,4,Edward_frame_00015.jpg
618,59,234,227,15,960,540,10,James_frame_00015.jpg
820,197,141,344,15,960,540,8,Harald_frame_00015.jpg
11,221,392,312,16,960,540,2,Bertie_frame_00016.jpg
499,70,311,404,16,960,540,9,Henry_frame_00016.jpg
524,11,128,188,16,960,540,4,Edward_frame_00016.jpg
611,47,254,230,16,960,540,10,James_frame_00016.jpg
840,191,121,350,16,960,540,8,Harald_frame_00016.jpg
21,218,402,323,17,960,540,2,Bertie_frame_00017.jpg
511,71,295,371,17,960,540,9,Henry_frame_00017.jpg
477,19,167,187,17,960,540,4,Edward_frame_00017.jpg
607,45,253,228,17,960,540,10,James_frame_00017.jpg
835,191,126,350,17,960,540,8,Harald_frame_00017.jpg
35,218,442,323,18,960,540,2,Bertie_frame_00018.jpg
518,76,293,369,18,960,540,9,Henry_frame_00018.jpg
458,8,152,216,18,960,540,4,Edward_frame_00018.jpg
586,56,266,223,18,960,540,10,James_frame_00018.jpg
821,191,140,350,18,960,540,8,Harald_frame_00018.jpg
17,209,455,332,19,960,540,2,Bertie_frame_00019.jpg
502,72,287,382,19,960,540,9,Henry_frame_00019.jpg
409,19,172,212,19,960,540,4,Edward_frame_00019.jpg
623,91,165,190,19,960,540,10,James_frame_00019.jpg
796,191,165,350,19,960,540,8,Harald_frame_00019.jpg
22,198,493,343,20,960,540,2,Bertie_frame_00020.jpg
523,70,249,391,20,960,540,9,Henry_frame_00020.jpg
386,24,173,216,20,960,540,4,Edward_frame_00020.jpg
676,149,134,140,20,960,540,10,James_frame_00020.jpg
788,193,173,348,20,960,540,8,Harald_frame_00020.jpg
44,189,498,352,21,960,540,2,Bertie_frame_00021.jpg
509,66,275,392,21,960,540,9,Henry_frame_00021.jpg
411,19,168,211,21,960,540,4,Edward_frame_00021.jpg
689,142,121,149,21,960,540,10,James_frame_00021.jpg
816,188,145,353,21,960,540,8,Harald_frame_00021.jpg
1,146,113,249,21,960,540,12,Olav_frame_00021.jpg
53,186,506,355,22,960,540,2,Bertie_frame_00022.jpg
527,76,242,390,22,960,540,9,Henry_frame_00022.jpg
418,19,165,247,22,960,540,4,Edward_frame_00022.jpg
712,152,128,142,22,960,540,10,James_frame_00022.jpg
830,180,131,361,22,960,540,8,Harald_frame_00022.jpg
1,138,136,242,22,960,540,12,Olav_frame_00022.jpg
83,186,503,355,23,960,540,2,Bertie_frame_00023.jpg
542,83,223,389,23,960,540,9,Henry_frame_00023.jpg
411,17,193,284,23,960,540,4,Edward_frame_00023.jpg
718,143,149,156,23,960,540,10,James_frame_00023.jpg
827,183,134,358,23,960,540,8,Harald_frame_00023.jpg
1,55,169,326,23,960,540,12,Olav_frame_00023.jpg
99,186,513,355,24,960,540,2,Bertie_frame_00024.jpg
554,77,219,389,24,960,540,9,Henry_frame_00024.jpg
374,19,239,287,24,960,540,4,Edward_frame_00024.jpg
728,158,125,128,24,960,540,10,James_frame_00024.jpg
807,182,154,359,24,960,540,8,Harald_frame_00024.jpg
1,48,191,352,24,960,540,12,Olav_frame_00024.jpg
137,185,510,356,25,960,540,2,Bertie_frame_00025.jpg
591,40,195,418,25,960,540,9,Henry_frame_00025.jpg
344,21,284,290,25,960,540,4,Edward_frame_00025.jpg
744,146,72,126,25,960,540,10,James_frame_00025.jpg
797,180,164,361,25,960,540,8,Harald_frame_00025.jpg
1,47,220,353,25,960,540,12,Olav_frame_00025.jpg
173,168,476,373,26,960,540,2,Bertie_frame_00026.jpg
618,33,175,410,26,960,540,9,Henry_frame_00026.jpg
337,21,297,287,26,960,540,4,Edward_frame_00026.jpg
651,61,50,107,26,960,540,10,James_frame_00026.jpg
782,176,179,365,26,960,540,8,Harald_frame_00026.jpg
1,47,235,351,26,960,540,12,Olav_frame_00026.jpg
188,163,484,378,27,960,540,2,Bertie_frame_00027.jpg
637,28,174,428,27,960,540,9,Henry_frame_00027.jpg
350,9,293,285,27,960,540,4,Edward_frame_00027.jpg
653,56,71,119,27,960,540,10,James_frame_00027.jpg
783,178,178,363,27,960,540,8,Harald_frame_00027.jpg
1,42,257,336,27,960,540,12,Olav_frame_00027.jpg
203,158,467,383,28,960,540,2,Bertie_frame_00028.jpg
642,32,212,396,28,960,540,9,Henry_frame_00028.jpg
363,4,278,293,28,960,540,4,Edward_frame_00028.jpg
656,54,80,116,28,960,540,10,James_frame_00028.jpg
787,179,174,362,28,960,540,8,Harald_frame_00028.jpg
1,37,261,344,28,960,540,12,Olav_frame_00028.jpg
216,152,455,380,29,960,540,2,Bertie_frame_00029.jpg
649,40,241,363,29,960,540,9,Henry_frame_00029.jpg
333,3,300,276,29,960,540,4,Edward_frame_00029.jpg
677,51,77,108,29,960,540,10,James_frame_00029.jpg
777,164,184,377,29,960,540,8,Harald_frame_00029.jpg
15,31,259,346,29,960,540,12,Olav_frame_00029.jpg
227,144,440,386,30,960,540,2,Bertie_frame_00030.jpg
665,33,249,359,30,960,540,9,Henry_frame_00030.jpg
275,4,355,282,30,960,540,4,Edward_frame_00030.jpg
686,41,82,126,30,960,540,10,James_frame_00030.jpg
778,155,183,386,30,960,540,8,Harald_frame_00030.jpg
10,20,257,345,30,960,540,12,Olav_frame_00030.jpg
221,140,462,382,31,960,540,2,Bertie_frame_00031.jpg
533,145,226,152,31,960,540,17,William_frame_00031.jpg
716,31,223,344,31,960,540,9,Henry_frame_00031.jpg
223,2,454,272,31,960,540,4,Edward_frame_00031.jpg
701,25,85,133,31,960,540,10,James_frame_00031.jpg
743,156,218,380,31,960,540,8,Harald_frame_00031.jpg
21,23,246,323,31,960,540,12,Olav_frame_00031.jpg
194,149,473,376,32,960,540,2,Bertie_frame_00032.jpg
536,160,247,133,32,960,540,17,William_frame_00032.jpg
728,24,229,286,32,960,540,9,Henry_frame_00032.jpg
211,2,437,254,32,960,540,4,Edward_frame_00032.jpg
705,33,127,123,32,960,540,10,James_frame_00032.jpg
740,145,221,389,32,960,540,8,Harald_frame_00032.jpg
20,15,253,344,32,960,540,12,Olav_frame_00032.jpg
160,184,509,337,33,960,540,2,Bertie_frame_00033.jpg
556,158,258,140,33,960,540,17,William_frame_00033.jpg
842,35,119,245,33,960,540,9,Henry_frame_00033.jpg
215,2,408,240,33,960,540,4,Edward_frame_00033.jpg
747,28,144,125,33,960,540,10,James_frame_00033.jpg
719,147,242,394,33,960,540,8,Harald_frame_00033.jpg
21,18,255,333,33,960,540,12,Olav_frame_00033.jpg
149,211,505,298,34,960,540,2,Bertie_frame_00034.jpg
509,151,286,138,34,960,540,17,William_frame_00034.jpg
216,2,387,246,34,960,540,4,Edward_frame_00034.jpg
773,24,173,115,34,960,540,10,James_frame_00034.jpg
711,140,250,401,34,960,540,8,Harald_frame_00034.jpg
24,11,261,347,34,960,540,12,Olav_frame_00034.jpg
160,214,495,290,35,960,540,2,Bertie_frame_00035.jpg
556,161,246,114,35,960,540,17,William_frame_00035.jpg
209,2,365,253,35,960,540,4,Edward_frame_00035.jpg
803,35,143,104,35,960,540,10,James_frame_00035.jpg
708,140,253,401,35,960,540,8,Harald_frame_00035.jpg
38,14,237,317,35,960,540,12,Olav_frame_00035.jpg
165,211,486,307,36,960,540,2,Bertie_frame_00036.jpg
554,155,326,104,36,960,540,17,William_frame_00036.jpg
188,2,382,272,36,960,540,4,Edward_frame_00036.jpg
832,32,126,158,36,960,540,10,James_frame_00036.jpg
706,140,255,401,36,960,540,8,Harald_frame_00036.jpg
41,15,290,327,36,960,540,12,Olav_frame_00036.jpg
169,218,445,295,37,960,540,2,Bertie_frame_00037.jpg
586,125,351,135,37,960,540,17,William_frame_00037.jpg
206,1,337,247,37,960,540,4,Edward_frame_00037.jpg
704,143,257,398,37,960,540,8,Harald_frame_00037.jpg
50,9,294,350,37,960,540,12,Olav_frame_00037.jpg
1,1,99,422,37,960,540,7,Haakon_frame_00037.jpg
123,245,488,272,38,960,540,2,Bertie_frame_00038.jpg
207,2,334,281,38,960,540,4,Edward_frame_00038.jpg
706,142,255,399,38,960,540,8,Harald_frame_00038.jpg
61,13,295,294,38,960,540,12,Olav_frame_00038.jpg
1,1,113,436,38,960,540,7,Haakon_frame_00038.jpg
95,278,489,239,39,960,540,2,Bertie_frame_00039.jpg
218,1,314,304,39,960,540,4,Edward_frame_00039.jpg
700,128,261,413,39,960,540,8,Harald_frame_00039.jpg
74,22,283,275,39,960,540,12,Olav_frame_00039.jpg
1,2,110,445,39,960,540,7,Haakon_frame_00039.jpg
104,286,482,235,40,960,540,2,Bertie_frame_00040.jpg
233,2,262,321,40,960,540,4,Edward_frame_00040.jpg
706,149,255,392,40,960,540,8,Harald_frame_00040.jpg
70,1,269,304,40,960,540,12,Olav_frame_00040.jpg
1,1,118,464,40,960,540,7,Haakon_frame_00040.jpg
104,279,487,235,41,960,540,2,Bertie_frame_00041.jpg
254,1,216,315,41,960,540,4,Edward_frame_00041.jpg
726,134,235,407,41,960,540,8,Harald_frame_00041.jpg
87,1,212,332,41,960,540,12,Olav_frame_00041.jpg
1,1,137,460,41,960,540,7,Haakon_frame_00041.jpg
118,284,480,233,42,960,540,2,Bertie_frame_00042.jpg
270,1,188,318,42,960,540,4,Edward_frame_00042.jpg
719,132,242,409,42,960,540,8,Harald_frame_00042.jpg
122,2,156,317,42,960,540,12,Olav_frame_00042.jpg
1,1,170,461,42,960,540,7,Haakon_frame_00042.jpg
106,293,501,227,43,960,540,2,Bertie_frame_00043.jpg
279,1,204,320,43,960,540,4,Edward_frame_00043.jpg
732,128,229,413,43,960,540,8,Harald_frame_00043.jpg
134,3,156,320,43,960,540,12,Olav_frame_00043.jpg
1,1,213,470,43,960,540,7,Haakon_frame_00043.jpg
86,293,517,235,44,960,540,2,Bertie_frame_00044.jpg
304,1,193,320,44,960,540,4,Edward_frame_00044.jpg
739,116,222,425,44,960,540,8,Harald_frame_00044.jpg
166,4,129,307,44,960,540,12,Olav_frame_00044.jpg
1,1,274,479,44,960,540,7,Haakon_frame_00044.jpg
88,275,521,249,45,960,540,2,Bertie_frame_00045.jpg
295,1,221,322,45,960,540,4,Edward_frame_00045.jpg
743,117,218,424,45,960,540,8,Harald_frame_00045.jpg
175,3,132,289,45,960,540,12,Olav_frame_00045.jpg
1,22,277,436,45,960,540,7,Haakon_frame_00045.jpg
48,266,550,261,46,960,540,2,Bertie_frame_00046.jpg
292,1,256,322,46,960,540,4,Edward_frame_00046.jpg
761,121,200,420,46,960,540,8,Harald_frame_00046.jpg
188,4,134,278,46,960,540,12,Olav_frame_00046.jpg
1,19,281,434,46,960,540,7,Haakon_frame_00046.jpg
43,216,550,307,47,960,540,2,Bertie_frame_00047.jpg
309,1,244,331,47,960,540,4,Edward_frame_00047.jpg
768,125,193,416,47,960,540,8,Harald_frame_00047.jpg
204,4,116,269,47,960,540,12,Olav_frame_00047.jpg
1,14,290,459,47,960,540,7,Haakon_frame_00047.jpg
42,194,542,326,48,960,540,2,Bertie_frame_00048.jpg
318,1,249,334,48,960,540,4,Edward_frame_00048.jpg
777,123,184,418,48,960,540,8,Harald_frame_00048.jpg
227,4,104,269,48,960,540,12,Olav_frame_00048.jpg
1,18,286,459,48,960,540,7,Haakon_frame_00048.jpg
34,197,533,321,49,960,540,2,Bertie_frame_00049.jpg
350,1,249,323,49,960,540,4,Edward_frame_00049.jpg
796,94,165,447,49,960,540,8,Harald_frame_00049.jpg
237,2,107,280,49,960,540,12,Olav_frame_00049.jpg
1,20,314,437,49,960,540,7,Haakon_frame_00049.jpg
37,194,516,333,50,960,540,2,Bertie_frame_00050.jpg
346,3,274,332,50,960,540,4,Edward_frame_00050.jpg
810,89,151,452,50,960,540,8,Harald_frame_00050.jpg
1,23,360,443,50,960,540,7,Haakon_frame_00050.jpg
39,196,485,337,51,960,540,2,Bertie_frame_00051.jpg
395,4,230,336,51,960,540,4,Edward_frame_00051.jpg
815,84,146,457,51,960,540,8,Harald_frame_00051.jpg
1,33,383,411,51,960,540,7,Haakon_frame_00051.jpg
72,193,434,347,52,960,540,2,Bertie_frame_00052.jpg
400,4,263,349,52,960,540,4,Edward_frame_00052.jpg
827,88,134,453,52,960,540,8,Harald_frame_00052.jpg
1,29,411,384,52,960,540,7,Haakon_frame_00052.jpg
81,185,405,350,53,960,540,2,Bertie_frame_00053.jpg
426,19,223,318,53,960,540,4,Edward_frame_00053.jpg
835,93,126,448,53,960,540,8,Harald_frame_00053.jpg
1,37,400,386,53,960,540,7,Haakon_frame_00053.jpg
56,184,413,357,54,960,540,2,Bertie_frame_00054.jpg
427,14,218,329,54,960,540,4,Edward_frame_00054.jpg
835,101,126,440,54,960,540,8,Harald_frame_00054.jpg
1,40,402,389,54,960,540,7,Haakon_frame_00054.jpg
77,186,321,355,55,960,540,2,Bertie_frame_00055.jpg
437,17,191,323,55,960,540,4,Edward_frame_00055.jpg
845,83,116,458,55,960,540,8,Harald_frame_00055.jpg
1,38,401,365,55,960,540,7,Haakon_frame_00055.jpg
88,184,288,357,56,960,540,2,Bertie_frame_00056.jpg
431,17,192,346,56,960,540,4,Edward_frame_00056.jpg
855,85,106,456,56,960,540,8,Harald_frame_00056.jpg
179,9,162,245,56,960,540,12,Olav_frame_00056.jpg
1,44,422,385,56,960,540,7,Haakon_frame_00056.jpg
86,180,242,361,57,960,540,2,Bertie_frame_00057.jpg
418,37,179,324,57,960,540,4,Edward_frame_00057.jpg
831,72,130,469,57,960,540,8,Harald_frame_00057.jpg
168,18,173,224,57,960,540,12,Olav_frame_00057.jpg
1,48,466,387,57,960,540,7,Haakon_frame_00057.jpg
90,170,224,371,58,960,540,2,Bertie_frame_00058.jpg
411,42,173,326,58,960,540,4,Edward_frame_00058.jpg
825,79,136,462,58,960,540,8,Harald_frame_00058.jpg
171,9,169,239,58,960,540,12,Olav_frame_00058.jpg
34,48,430,419,58,960,540,7,Haakon_frame_00058.jpg
83,152,221,389,59,960,540,2,Bertie_frame_00059.jpg
405,46,156,326,59,960,540,4,Edward_frame_00059.jpg
806,75,155,466,59,960,540,8,Harald_frame_00059.jpg
140,9,192,236,59,960,540,12,Olav_frame_00059.jpg
58,53,393,392,59,960,540,7,Haakon_frame_00059.jpg
92,143,200,398,60,960,540,2,Bertie_frame_00060.jpg
402,49,147,323,60,960,540,4,Edward_frame_00060.jpg
796,74,165,467,60,960,540,8,Harald_frame_00060.jpg
143,14,208,243,60,960,540,12,Olav_frame_00060.jpg
250,56,197,414,60,960,540,7,Haakon_frame_00060.jpg
89,149,200,392,61,960,540,2,Bertie_frame_00061.jpg
390,51,149,319,61,960,540,4,Edward_frame_00061.jpg
773,74,188,467,61,960,540,8,Harald_frame_00061.jpg
137,15,208,233,61,960,540,12,Olav_frame_00061.jpg
267,57,175,404,61,960,540,7,Haakon_frame_00061.jpg
85,149,206,392,62,960,540,2,Bertie_frame_00062.jpg
422,42,114,328,62,960,540,4,Edward_frame_00062.jpg
755,79,206,462,62,960,540,8,Harald_frame_00062.jpg
133,14,217,257,62,960,540,12,Olav_frame_00062.jpg
248,56,218,425,62,960,540,7,Haakon_frame_00062.jpg
68,158,199,383,63,960,540,2,Bertie_frame_00063.jpg
425,47,95,345,63,960,540,4,Edward_frame_00063.jpg
761,80,200,461,63,960,540,8,Harald_frame_00063.jpg
124,24,226,257,63,960,540,12,Olav_frame_00063.jpg
225,51,275,446,63,960,540,7,Haakon_frame_00063.jpg
42,158,207,383,64,960,540,2,Bertie_frame_00064.jpg
731,75,230,466,64,960,540,8,Harald_frame_00064.jpg
109,17,236,248,64,960,540,12,Olav_frame_00064.jpg
239,41,293,450,64,960,540,7,Haakon_frame_00064.jpg
22,160,194,381,65,960,540,2,Bertie_frame_00065.jpg
719,85,215,437,65,960,540,8,Harald_frame_00065.jpg
110,35,225,251,65,960,540,12,Olav_frame_00065.jpg
223,44,321,443,65,960,540,7,Haakon_frame_00065.jpg
1,159,193,382,66,960,540,2,Bertie_frame_00066.jpg
704,66,221,456,66,960,540,8,Harald_frame_00066.jpg
122,18,221,276,66,960,540,12,Olav_frame_00066.jpg
203,52,347,430,66,960,540,7,Haakon_frame_00066.jpg
1,172,185,369,67,960,540,2,Bertie_frame_00067.jpg
691,66,212,455,67,960,540,8,Harald_frame_00067.jpg
123,15,224,284,67,960,540,12,Olav_frame_00067.jpg
185,50,367,452,67,960,540,7,Haakon_frame_00067.jpg
1,163,177,378,68,960,540,2,Bertie_frame_00068.jpg
863,54,98,326,68,960,540,17,William_frame_00068.jpg
772,33,140,164,68,960,540,10,James_frame_00068.jpg
675,84,224,443,68,960,540,8,Harald_frame_00068.jpg
115,17,218,302,68,960,540,12,Olav_frame_00068.jpg
190,53,353,435,68,960,540,7,Haakon_frame_00068.jpg
1,172,171,369,69,960,540,2,Bertie_frame_00069.jpg
835,9,126,375,69,960,540,17,William_frame_00069.jpg
659,79,220,456,69,960,540,8,Harald_frame_00069.jpg
100,5,228,327,69,960,540,12,Olav_frame_00069.jpg
175,52,365,443,69,960,540,7,Haakon_frame_00069.jpg
1,224,187,317,70,960,540,2,Bertie_frame_00070.jpg
821,14,140,379,70,960,540,17,William_frame_00070.jpg
640,61,228,478,70,960,540,8,Harald_frame_00070.jpg
90,15,227,321,70,960,540,12,Olav_frame_00070.jpg
191,66,366,439,70,960,540,7,Haakon_frame_00070.jpg
1,251,182,290,71,960,540,2,Bertie_frame_00071.jpg
809,28,152,365,71,960,540,17,William_frame_00071.jpg
253,112,202,219,71,960,540,4,Edward_frame_00071.jpg
620,68,248,473,71,960,540,8,Harald_frame_00071.jpg
98,15,197,335,71,960,540,12,Olav_frame_00071.jpg
188,72,422,431,71,960,540,7,Haakon_frame_00071.jpg
1,299,179,242,72,960,540,2,Bertie_frame_00072.jpg
797,28,164,363,72,960,540,17,William_frame_00072.jpg
237,113,205,222,72,960,540,4,Edward_frame_00072.jpg
739,45,79,155,72,960,540,10,James_frame_00072.jpg
622,60,213,481,72,960,540,8,Harald_frame_00072.jpg
61,11,216,353,72,960,540,12,Olav_frame_00072.jpg
190,83,428,426,72,960,540,7,Haakon_frame_00072.jpg
1,294,159,247,73,960,540,2,Bertie_frame_00073.jpg
782,26,165,354,73,960,540,17,William_frame_00073.jpg
224,110,219,239,73,960,540,4,Edward_frame_00073.jpg
590,68,229,470,73,960,540,8,Harald_frame_00073.jpg
53,18,194,360,73,960,540,12,Olav_frame_00073.jpg
158,93,455,418,73,960,540,7,Haakon_frame_00073.jpg
1,328,150,213,74,960,540,2,Bertie_frame_00074.jpg
749,30,182,365,74,960,540,17,William_frame_00074.jpg
218,113,238,249,74,960,540,4,Edward_frame_00074.jpg
577,80,233,456,74,960,540,8,Harald_frame_00074.jpg
26,20,182,350,74,960,540,12,Olav_frame_00074.jpg
140,86,467,430,74,960,540,7,Haakon_frame_00074.jpg
1,347,161,194,75,960,540,2,Bertie_frame_00075.jpg
744,37,170,362,75,960,540,17,William_frame_00075.jpg
237,142,251,195,75,960,540,4,Edward_frame_00075.jpg
588,74,200,467,75,960,540,8,Harald_frame_00075.jpg
19,41,190,347,75,960,540,12,Olav_frame_00075.jpg
137,89,443,425,75,960,540,7,Haakon_frame_00075.jpg
709,44,212,376,76,960,540,17,William_frame_00076.jpg
569,46,100,135,76,960,540,10,James_frame_00076.jpg
581,83,201,458,76,960,540,8,Harald_frame_00076.jpg
11,40,184,335,76,960,540,12,Olav_frame_00076.jpg
155,93,430,437,76,960,540,7,Haakon_frame_00076.jpg
700,50,184,348,77,960,540,17,William_frame_00077.jpg
557,77,209,459,77,960,540,8,Harald_frame_00077.jpg
4,44,162,338,77,960,540,12,Olav_frame_00077.jpg
168,89,448,437,77,960,540,7,Haakon_frame_00077.jpg
681,53,184,347,78,960,540,17,William_frame_00078.jpg
844,4,117,417,78,960,540,9,Henry_frame_00078.jpg
200,149,305,242,78,960,540,4,Edward_frame_00078.jpg
546,90,204,448,78,960,540,8,Harald_frame_00078.jpg
1,32,150,371,78,960,540,12,Olav_frame_00078.jpg
194,99,439,425,78,960,540,7,Haakon_frame_00078.jpg
665,59,181,342,79,960,540,17,William_frame_00079.jpg
765,4,196,422,79,960,540,9,Henry_frame_00079.jpg
541,86,194,450,79,960,540,8,Harald_frame_00079.jpg
1,29,155,371,79,960,540,12,Olav_frame_00079.jpg
204,95,406,441,79,960,540,7,Haakon_frame_00079.jpg
644,66,189,341,80,960,540,17,William_frame_00080.jpg
733,24,228,400,80,960,540,9,Henry_frame_00080.jpg
535,99,189,437,80,960,540,8,Harald_frame_00080.jpg
1,41,156,353,80,960,540,12,Olav_frame_00080.jpg
219,171,345,345,80,960,540,7,Haakon_frame_00080.jpg
625,62,165,314,81,960,540,17,William_frame_00081.jpg
710,23,251,409,81,960,540,9,Henry_frame_00081.jpg
499,97,209,443,81,960,540,8,Harald_frame_00081.jpg
1,140,170,245,81,960,540,12,Olav_frame_00081.jpg
251,180,306,334,81,960,540,7,Haakon_frame_00081.jpg
616,62,142,291,82,960,540,17,William_frame_00082.jpg
696,29,265,401,82,960,540,9,Henry_frame_00082.jpg
432,53,84,139,82,960,540,10,James_frame_00082.jpg
497,86,213,455,82,960,540,8,Harald_frame_00082.jpg
1,175,150,200,82,960,540,12,Olav_frame_00082.jpg
257,240,269,274,82,960,540,7,Haakon_frame_00082.jpg
590,65,113,248,83,960,540,17,William_frame_00083.jpg
667,28,294,409,83,960,540,9,Henry_frame_00083.jpg
489,89,206,452,83,960,540,8,Harald_frame_00083.jpg
1,183,140,194,83,960,540,12,Olav_frame_00083.jpg
289,226,239,301,83,960,540,7,Haakon_frame_00083.jpg
646,44,310,368,84,960,540,9,Henry_frame_00084.jpg
458,101,216,440,84,960,540,8,Harald_frame_00084.jpg
314,235,203,287,84,960,540,7,Haakon_frame_00084.jpg
701,203,209,236,85,960,540,9,Henry_frame_00085.jpg
388,59,110,225,85,960,540,10,James_frame_00085.jpg
450,97,204,444,85,960,540,8,Harald_frame_00085.jpg
287,263,210,250,85,960,540,7,Haakon_frame_00085.jpg
347,66,104,223,86,960,540,10,James_frame_00086.jpg
428,112,209,427,86,960,540,8,Harald_frame_00086.jpg
551,89,152,206,86,960,540,7,Haakon_frame_00086.jpg
614,147,187,298,87,960,540,4,Edward_frame_00087.jpg
346,74,88,232,87,960,540,10,James_frame_00087.jpg
412,122,210,415,87,960,540,8,Harald_frame_00087.jpg
546,81,158,218,87,960,540,7,Haakon_frame_00087.jpg
618,138,239,347,88,960,540,4,Edward_frame_00088.jpg
399,130,223,405,88,960,540,8,Harald_frame_00088.jpg
528,90,156,230,88,960,540,7,Haakon_frame_00088.jpg
618,130,327,359,89,960,540,4,Edward_frame_00089.jpg
399,134,212,406,89,960,540,8,Harald_frame_00089.jpg
533,86,142,270,89,960,540,7,Haakon_frame_00089.jpg
618,147,343,365,90,960,540,4,Edward_frame_00090.jpg
389,131,217,410,90,960,540,8,Harald_frame_00090.jpg
528,86,150,305,90,960,540,7,Haakon_frame_00090.jpg
625,151,336,354,91,960,540,4,Edward_frame_00091.jpg
377,131,233,410,91,960,540,8,Harald_frame_00091.jpg
508,88,170,304,91,960,540,7,Haakon_frame_00091.jpg
623,151,338,333,92,960,540,4,Edward_frame_00092.jpg
366,131,246,404,92,960,540,8,Harald_frame_00092.jpg
491,88,179,323,92,960,540,7,Haakon_frame_00092.jpg
574,159,387,321,93,960,540,4,Edward_frame_00093.jpg
302,128,289,413,93,960,540,8,Harald_frame_00093.jpg
450,71,168,342,93,960,540,7,Haakon_frame_00093.jpg
218,110,96,190,94,960,540,9,Henry_frame_00094.jpg
262,137,316,401,94,960,540,8,Harald_frame_00094.jpg
392,80,213,373,94,960,540,7,Haakon_frame_00094.jpg
674,274,287,267,95,960,540,6,George_frame_00095.jpg
141,117,113,244,95,960,540,9,Henry_frame_00095.jpg
59,98,122,233,95,960,540,10,James_frame_00095.jpg
199,158,329,380,95,960,540,8,Harald_frame_00095.jpg
350,79,189,380,95,960,540,7,Haakon_frame_00095.jpg
634,284,327,257,96,960,540,6,George_frame_00096.jpg
74,110,119,249,96,960,540,9,Henry_frame_00096.jpg
124,167,393,372,96,960,540,8,Harald_frame_00096.jpg
303,75,190,395,96,960,540,7,Haakon_frame_00096.jpg
609,272,352,269,97,960,540,6,George_frame_00097.jpg
25,107,104,235,97,960,540,9,Henry_frame_00097.jpg
1,91,45,244,97,960,540,10,James_frame_00097.jpg
59,185,458,353,97,960,540,8,Harald_frame_00097.jpg
287,71,188,374,97,960,540,7,Haakon_frame_00097.jpg
599,248,362,293,98,960,540,6,George_frame_00098.jpg
94,86,179,232,98,960,540,17,William_frame_00098.jpg
20,182,503,356,98,960,540,8,Harald_frame_00098.jpg
241,68,218,360,98,960,540,7,Haakon_frame_00098.jpg
572,245,389,296,99,960,540,6,George_frame_00099.jpg
80,89,176,232,99,960,540,17,William_frame_00099.jpg
5,176,486,365,99,960,540,8,Harald_frame_00099.jpg
212,70,215,373,99,960,540,7,Haakon_frame_00099.jpg
663,252,227,128,99,960,540,13,Oscar_frame_00099.jpg
520,237,441,304,100,960,540,6,George_frame_00100.jpg
60,88,185,257,100,960,540,17,William_frame_00100.jpg
4,170,443,368,100,960,540,8,Harald_frame_00100.jpg
200,70,199,379,100,960,540,7,Haakon_frame_00100.jpg
617,213,230,164,100,960,540,13,Oscar_frame_00100.jpg
514,231,447,310,101,960,540,6,George_frame_00101.jpg
55,79,172,249,101,960,540,17,William_frame_00101.jpg
1,169,401,366,101,960,540,8,Harald_frame_00101.jpg
175,74,215,384,101,960,540,7,Haakon_frame_00101.jpg
614,213,237,165,101,960,540,13,Oscar_frame_00101.jpg
506,201,455,340,102,960,540,6,George_frame_00102.jpg
41,76,178,242,102,960,540,17,William_frame_00102.jpg
1,195,380,346,102,960,540,8,Harald_frame_00102.jpg
176,77,199,393,102,960,540,7,Haakon_frame_00102.jpg
590,209,248,161,102,960,540,13,Oscar_frame_00102.jpg
481,205,480,336,103,960,540,6,George_frame_00103.jpg
21,75,197,237,103,960,540,17,William_frame_00103.jpg
1,248,336,293,103,960,540,8,Harald_frame_00103.jpg
161,70,212,420,103,960,540,7,Haakon_frame_00103.jpg
579,215,237,147,103,960,540,13,Oscar_frame_00103.jpg
465,193,496,348,104,960,540,6,George_frame_00104.jpg
14,91,202,236,104,960,540,17,William_frame_00104.jpg
1,325,264,215,104,960,540,8,Harald_frame_00104.jpg
160,72,217,430,104,960,540,7,Haakon_frame_00104.jpg
551,203,250,157,104,960,540,13,Oscar_frame_00104.jpg
458,176,503,365,105,960,540,6,George_frame_00105.jpg
1,81,212,251,105,960,540,17,William_frame_00105.jpg
1,341,206,195,105,960,540,8,Harald_frame_00105.jpg
164,83,233,422,105,960,540,7,Haakon_frame_00105.jpg
546,206,252,165,105,960,540,13,Oscar_frame_00105.jpg
451,164,510,377,106,960,540,6,George_frame_00106.jpg
1,81,188,278,106,960,540,17,William_frame_00106.jpg
147,84,223,434,106,960,540,7,Haakon_frame_00106.jpg
508,246,272,140,106,960,540,13,Oscar_frame_00106.jpg
443,186,518,355,107,960,540,6,George_frame_00107.jpg
1,79,172,305,107,960,540,17,William_frame_00107.jpg
161,90,209,426,107,960,540,7,Haakon_frame_00107.jpg
460,242,314,165,107,960,540,13,Oscar_frame_00107.jpg
414,191,547,350,108,960,540,6,George_frame_00108.jpg
1,76,152,299,108,960,540,17,William_frame_00108.jpg
119,84,246,436,108,960,540,7,Haakon_frame_00108.jpg
460,239,312,158,108,960,540,13,Oscar_frame_00108.jpg
416,191,545,350,109,960,540,6,George_frame_00109.jpg
1,74,163,312,109,960,540,17,William_frame_00109.jpg
125,89,228,448,109,960,540,7,Haakon_frame_00109.jpg
455,241,317,184,109,960,540,13,Oscar_frame_00109.jpg
409,194,552,347,110,960,540,6,George_frame_00110.jpg
1,81,147,301,110,960,540,17,William_frame_00110.jpg
107,88,246,453,110,960,540,7,Haakon_frame_00110.jpg
445,245,329,183,110,960,540,13,Oscar_frame_00110.jpg
426,170,535,371,111,960,540,6,George_frame_00111.jpg
1,89,172,300,111,960,540,17,William_frame_00111.jpg
122,81,232,446,111,960,540,7,Haakon_frame_00111.jpg
450,215,331,183,111,960,540,13,Oscar_frame_00111.jpg
442,180,519,361,112,960,540,6,George_frame_00112.jpg
1,97,179,296,112,960,540,17,William_frame_00112.jpg
113,85,245,454,112,960,540,7,Haakon_frame_00112.jpg
436,197,346,188,112,960,540,13,Oscar_frame_00112.jpg
437,173,519,368,113,960,540,6,George_frame_00113.jpg
1,93,177,289,113,960,540,17,William_frame_00113.jpg
110,80,232,451,113,960,540,7,Haakon_frame_00113.jpg
422,207,348,185,113,960,540,13,Oscar_frame_00113.jpg
439,173,509,363,114,960,540,6,George_frame_00114.jpg
1,101,161,311,114,960,540,17,William_frame_00114.jpg
94,89,223,446,114,960,540,7,Haakon_frame_00114.jpg
408,191,365,211,114,960,540,13,Oscar_frame_00114.jpg
437,170,500,371,115,960,540,6,George_frame_00115.jpg
1,93,152,311,115,960,540,17,William_frame_00115.jpg
102,79,211,446,115,960,540,7,Haakon_frame_00115.jpg
427,194,274,206,115,960,540,13,Oscar_frame_00115.jpg
426,161,509,379,116,960,540,6,George_frame_00116.jpg
1,84,138,333,116,960,540,17,William_frame_00116.jpg
100,71,191,454,116,960,540,7,Haakon_frame_00116.jpg
397,203,294,215,116,960,540,13,Oscar_frame_00116.jpg
425,149,505,383,117,960,540,6,George_frame_00117.jpg
1,81,135,340,117,960,540,17,William_frame_00117.jpg
111,62,180,470,117,960,540,7,Haakon_frame_00117.jpg
393,191,284,212,117,960,540,13,Oscar_frame_00117.jpg
414,134,511,389,118,960,540,6,George_frame_00118.jpg
1,97,128,317,118,960,540,17,William_frame_00118.jpg
87,70,202,459,118,960,540,7,Haakon_frame_00118.jpg
377,189,266,186,118,960,540,13,Oscar_frame_00118.jpg
413,131,512,392,119,960,540,6,George_frame_00119.jpg
1,131,134,272,119,960,540,17,William_frame_00119.jpg
67,66,217,473,119,960,540,7,Haakon_frame_00119.jpg
353,195,273,185,119,960,540,13,Oscar_frame_00119.jpg
407,123,522,403,120,960,540,6,George_frame_00120.jpg
1,128,137,272,120,960,540,17,William_frame_00120.jpg
68,60,219,471,120,960,540,7,Haakon_frame_00120.jpg
348,200,250,178,120,960,540,13,Oscar_frame_00120.jpg
407,125,518,398,121,960,540,6,George_frame_00121.jpg
1,126,140,251,121,960,540,17,William_frame_00121.jpg
80,59,212,482,121,960,540,7,Haakon_frame_00121.jpg
348,200,211,190,121,960,540,13,Oscar_frame_00121.jpg
401,116,531,407,122,960,540,6,George_frame_00122.jpg
1,122,140,290,122,960,540,17,William_frame_00122.jpg
80,56,226,482,122,960,540,7,Haakon_frame_00122.jpg
338,195,179,206,122,960,540,13,Oscar_frame_00122.jpg
398,117,537,401,123,960,540,6,George_frame_00123.jpg
1,131,124,254,123,960,540,17,William_frame_00123.jpg
70,59,230,473,123,960,540,7,Haakon_frame_00123.jpg
338,180,186,228,123,960,540,13,Oscar_frame_00123.jpg
384,112,540,397,124,960,540,6,George_frame_00124.jpg
1,140,135,216,124,960,540,17,William_frame_00124.jpg
61,64,234,477,124,960,540,7,Haakon_frame_00124.jpg
331,182,184,203,124,960,540,13,Oscar_frame_00124.jpg
385,107,540,401,125,960,540,6,George_frame_00125.jpg
1,143,142,236,125,960,540,17,William_frame_00125.jpg
57,56,246,479,125,960,540,7,Haakon_frame_00125.jpg
335,167,183,236,125,960,540,13,Oscar_frame_00125.jpg
386,101,545,404,126,960,540,6,George_frame_00126.jpg
1,131,147,228,126,960,540,17,William_frame_00126.jpg
57,57,245,483,126,960,540,7,Haakon_frame_00126.jpg
332,167,176,197,126,960,540,13,Oscar_frame_00126.jpg
377,89,544,407,127,960,540,6,George_frame_00127.jpg
1,135,149,211,127,960,540,17,William_frame_00127.jpg
47,53,245,470,127,960,540,7,Haakon_frame_00127.jpg
324,147,197,216,127,960,540,13,Oscar_frame_00127.jpg
369,89,526,414,128,960,540,6,George_frame_00128.jpg
1,140,137,207,128,960,540,17,William_frame_00128.jpg
32,51,266,469,128,960,540,7,Haakon_frame_00128.jpg
323,152,177,203,128,960,540,13,Oscar_frame_00128.jpg
360,80,512,406,129,960,540,6,George_frame_00129.jpg
1,123,122,205,129,960,540,17,William_frame_00129.jpg
53,56,239,464,129,960,540,7,Haakon_frame_00129.jpg
311,134,212,222,129,960,540,13,Oscar_frame_00129.jpg
346,75,517,410,130,960,540,6,George_frame_00130.jpg
1,96,126,242,130,960,540,17,William_frame_00130.jpg
50,59,238,469,130,960,540,7,Haakon_frame_00130.jpg
313,131,185,215,130,960,540,13,Oscar_frame_00130.jpg
334,71,519,421,131,960,540,6,George_frame_00131.jpg
1,107,110,219,131,960,540,17,William_frame_00131.jpg
877,9,84,403,131,960,540,4,Edward_frame_00131.jpg
44,56,234,471,131,960,540,7,Haakon_frame_00131.jpg
296,128,200,232,131,960,540,13,Oscar_frame_00131.jpg
321,68,526,425,132,960,540,6,George_frame_00132.jpg
1,101,100,236,132,960,540,17,William_frame_00132.jpg
842,17,119,368,132,960,540,4,Edward_frame_00132.jpg
41,51,229,476,132,960,540,7,Haakon_frame_00132.jpg
296,136,194,211,132,960,540,13,Oscar_frame_00132.jpg
338,58,511,422,133,960,540,6,George_frame_00133.jpg
1,109,100,227,133,960,540,17,William_frame_00133.jpg
830,8,131,379,133,960,540,4,Edward_frame_00133.jpg
45,48,235,487,133,960,540,7,Haakon_frame_00133.jpg
271,97,203,254,133,960,540,13,Oscar_frame_00133.jpg
341,63,496,412,134,960,540,6,George_frame_00134.jpg
1,112,93,216,134,960,540,17,William_frame_00134.jpg
821,8,140,376,134,960,540,4,Edward_frame_00134.jpg
56,44,223,494,134,960,540,7,Haakon_frame_00134.jpg
278,85,202,266,134,960,540,13,Oscar_frame_00134.jpg
348,63,457,410,135,960,540,6,George_frame_00135.jpg
1,107,98,226,135,960,540,17,William_frame_00135.jpg
826,4,135,379,135,960,540,4,Edward_frame_00135.jpg
63,50,217,487,135,960,540,7,Haakon_frame_00135.jpg
267,72,211,292,135,960,540,13,Oscar_frame_00135.jpg
347,70,434,397,136,960,540,6,George_frame_00136.jpg
1,117,98,199,136,960,540,17,William_frame_00136.jpg
806,11,155,361,136,960,540,4,Edward_frame_00136.jpg
65,56,212,482,136,960,540,7,Haakon_frame_00136.jpg
275,75,176,263,136,960,540,13,Oscar_frame_00136.jpg
339,83,440,383,137,960,540,6,George_frame_00137.jpg
1,118,95,189,137,960,540,17,William_frame_00137.jpg
794,2,167,354,137,960,540,4,Edward_frame_00137.jpg
56,60,232,476,137,960,540,7,Haakon_frame_00137.jpg
254,77,202,254,137,960,540,13,Oscar_frame_00137.jpg
388,83,377,383,138,960,540,6,George_frame_00138.jpg
1,112,92,209,138,960,540,17,William_frame_00138.jpg
803,1,158,340,138,960,540,4,Edward_frame_00138.jpg
58,66,233,465,138,960,540,7,Haakon_frame_00138.jpg
234,85,224,250,138,960,540,13,Oscar_frame_00138.jpg
416,86,353,375,139,960,540,6,George_frame_00139.jpg
1,119,84,205,139,960,540,17,William_frame_00139.jpg
774,3,187,333,139,960,540,4,Edward_frame_00139.jpg
65,62,213,476,139,960,540,7,Haakon_frame_00139.jpg
227,86,209,255,139,960,540,13,Oscar_frame_00139.jpg
444,84,325,392,140,960,540,6,George_frame_00140.jpg
1,109,83,221,140,960,540,17,William_frame_00140.jpg
779,4,178,347,140,960,540,4,Edward_frame_00140.jpg
37,59,238,473,140,960,540,7,Haakon_frame_00140.jpg
206,79,230,255,140,960,540,13,Oscar_frame_00140.jpg
477,88,292,382,141,960,540,6,George_frame_00141.jpg
1,122,88,173,141,960,540,17,William_frame_00141.jpg
753,1,196,360,141,960,540,4,Edward_frame_00141.jpg
28,68,218,467,141,960,540,7,Haakon_frame_00141.jpg
190,93,235,251,141,960,540,13,Oscar_frame_00141.jpg
511,98,269,377,142,960,540,6,George_frame_00142.jpg
1,122,83,148,142,960,540,17,William_frame_00142.jpg
747,14,203,345,142,960,540,4,Edward_frame_00142.jpg
25,65,205,473,142,960,540,7,Haakon_frame_00142.jpg
192,81,213,254,142,960,540,13,Oscar_frame_00142.jpg
530,128,248,347,143,960,540,6,George_frame_00143.jpg
1,134,73,140,143,960,540,17,William_frame_00143.jpg
734,16,200,340,143,960,540,4,Edward_frame_00143.jpg
11,75,195,466,143,960,540,7,Haakon_frame_00143.jpg
175,85,228,283,143,960,540,13,Oscar_frame_00143.jpg
533,159,257,318,144,960,540,6,George_frame_00144.jpg
731,19,188,342,144,960,540,4,Edward_frame_00144.jpg
1,81,213,455,144,960,540,7,Haakon_frame_00144.jpg
192,79,229,276,144,960,540,13,Oscar_frame_00144.jpg
551,170,250,296,145,960,540,6,George_frame_00145.jpg
705,35,199,324,145,960,540,4,Edward_frame_00145.jpg
10,94,178,447,145,960,540,7,Haakon_frame_00145.jpg
170,101,287,262,145,960,540,13,Oscar_frame_00145.jpg
551,170,253,294,146,960,540,6,George_frame_00146.jpg
704,24,197,308,146,960,540,4,Edward_frame_00146.jpg
2,92,194,445,146,960,540,7,Haakon_frame_00146.jpg
170,101,296,253,146,960,540,13,Oscar_frame_00146.jpg
546,172,254,289,147,960,540,6,George_frame_00147.jpg
688,4,198,329,147,960,540,4,Edward_frame_00147.jpg
1,88,206,453,147,960,540,7,Haakon_frame_00147.jpg
170,66,298,299,147,960,540,13,Oscar_frame_00147.jpg
532,180,263,281,148,960,540,6,George_frame_00148.jpg
674,21,215,308,148,960,540,4,Edward_frame_00148.jpg
1,77,208,461,148,960,540,7,Haakon_frame_00148.jpg
137,98,323,266,148,960,540,13,Oscar_frame_00148.jpg
525,191,263,275,149,960,540,6,George_frame_00149.jpg
667,29,191,293,149,960,540,4,Edward_frame_00149.jpg
1,80,200,452,149,960,540,7,Haakon_frame_00149.jpg
134,98,313,278,149,960,540,13,Oscar_frame_00149.jpg
502,210,277,253,150,960,540,6,George_frame_00150.jpg
659,19,176,310,150,960,540,4,Edward_frame_00150.jpg
1,85,193,456,150,960,540,7,Haakon_frame_00150.jpg
131,98,287,266,150,960,540,13,Oscar_frame_00150.jpg
499,210,277,262,151,960,540,6,George_frame_00151.jpg
635,28,180,290,151,960,540,4,Edward_frame_00151.jpg
1,98,200,429,151,960,540,7,Haakon_frame_00151.jpg
140,88,258,272,151,960,540,13,Oscar_frame_00151.jpg
511,219,254,253,152,960,540,6,George_frame_00152.jpg
611,11,202,303,152,960,540,4,Edward_frame_00152.jpg
1,93,229,448,152,960,540,7,Haakon_frame_00152.jpg
140,88,224,285,152,960,540,13,Oscar_frame_00152.jpg
497,230,272,240,153,960,540,6,George_frame_00153.jpg
599,2,182,286,153,960,540,4,Edward_frame_00153.jpg
1,98,224,443,153,960,540,7,Haakon_frame_00153.jpg
140,98,209,277,153,960,540,13,Oscar_frame_00153.jpg
504,228,268,240,154,960,540,6,George_frame_00154.jpg
575,19,197,258,154,960,540,4,Edward_frame_00154.jpg
1,116,248,425,154,960,540,7,Haakon_frame_00154.jpg
147,104,204,266,154,960,540,13,Oscar_frame_00154.jpg
521,218,269,244,155,960,540,6,George_frame_00155.jpg
591,16,191,247,155,960,540,4,Edward_frame_00155.jpg
39,117,204,424,155,960,540,7,Haakon_frame_00155.jpg
155,90,208,284,155,960,540,13,Oscar_frame_00155.jpg
546,221,273,254,156,960,540,6,George_frame_00156.jpg
1,149,117,215,156,960,540,17,William_frame_00156.jpg
607,12,188,266,156,960,540,4,Edward_frame_00156.jpg
53,101,232,440,156,960,540,7,Haakon_frame_00156.jpg
195,98,147,221,156,960,540,13,Oscar_frame_00156.jpg
583,218,242,248,157,960,540,6,George_frame_00157.jpg
1,144,125,210,157,960,540,17,William_frame_00157.jpg
623,12,170,260,157,960,540,4,Edward_frame_00157.jpg
76,88,264,453,157,960,540,7,Haakon_frame_00157.jpg
223,132,165,191,157,960,540,13,Oscar_frame_00157.jpg
596,221,237,246,158,960,540,6,George_frame_00158.jpg
1,155,124,209,158,960,540,17,William_frame_00158.jpg
623,14,179,253,158,960,540,4,Edward_frame_00158.jpg
61,101,242,439,158,960,540,7,Haakon_frame_00158.jpg
620,216,219,257,159,960,540,6,George_frame_00159.jpg
1,155,129,200,159,960,540,17,William_frame_00159.jpg
605,11,203,235,159,960,540,4,Edward_frame_00159.jpg
56,114,285,421,159,960,540,7,Haakon_frame_00159.jpg
67,101,152,168,159,960,540,13,Oscar_frame_00159.jpg
628,219,216,252,160,960,540,6,George_frame_00160.jpg
1,158,129,188,160,960,540,17,William_frame_00160.jpg
620,14,181,243,160,960,540,4,Edward_frame_00160.jpg
68,101,292,440,160,960,540,7,Haakon_frame_00160.jpg
23,97,230,191,160,960,540,13,Oscar_frame_00160.jpg
644,221,196,245,161,960,540,6,George_frame_00161.jpg
1,161,128,188,161,960,540,17,William_frame_00161.jpg
620,25,180,240,161,960,540,4,Edward_frame_00161.jpg
24,110,357,431,161,960,540,7,Haakon_frame_00161.jpg
25,92,220,194,161,960,540,13,Oscar_frame_00161.jpg
644,219,194,247,162,960,540,6,George_frame_00162.jpg
1,170,130,170,162,960,540,17,William_frame_00162.jpg
623,12,167,248,162,960,540,4,Edward_frame_00162.jpg
17,114,371,421,162,960,540,7,Haakon_frame_00162.jpg
28,86,224,194,162,960,540,13,Oscar_frame_00162.jpg
644,219,202,245,163,960,540,6,George_frame_00163.jpg
1,160,124,202,163,960,540,17,William_frame_00163.jpg
614,17,167,258,163,960,540,4,Edward_frame_00163.jpg
29,114,356,420,163,960,540,7,Haakon_frame_00163.jpg
43,90,213,193,163,960,540,13,Oscar_frame_00163.jpg
646,224,201,244,164,960,540,6,George_frame_00164.jpg
609,5,172,291,164,960,540,4,Edward_frame_00164.jpg
15,110,373,431,164,960,540,7,Haakon_frame_00164.jpg
26,83,245,231,164,960,540,13,Oscar_frame_00164.jpg
656,221,191,245,165,960,540,6,George_frame_00165.jpg
602,2,198,288,165,960,540,4,Edward_frame_00165.jpg
63,108,371,433,165,960,540,7,Haakon_frame_00165.jpg
2,88,276,236,165,960,540,13,Oscar_frame_00165.jpg
656,224,197,247,166,960,540,6,George_frame_00166.jpg
581,1,237,322,166,960,540,4,Edward_frame_00166.jpg
61,112,383,429,166,960,540,7,Haakon_frame_00166.jpg
-2,90,288,241,166,960,540,13,Oscar_frame_00166.jpg
672,232,191,229,167,960,540,6,George_frame_00167.jpg
586,7,242,311,167,960,540,4,Edward_frame_00167.jpg
56,105,406,436,167,960,540,7,Haakon_frame_00167.jpg
1,92,279,248,167,960,540,13,Oscar_frame_00167.jpg
674,237,203,230,168,960,540,6,George_frame_00168.jpg
591,5,253,305,168,960,540,4,Edward_frame_00168.jpg
86,113,392,412,168,960,540,7,Haakon_frame_00168.jpg
1,77,290,268,168,960,540,13,Oscar_frame_00168.jpg
686,236,188,225,169,960,540,6,George_frame_00169.jpg
599,3,251,314,169,960,540,4,Edward_frame_00169.jpg
89,105,423,433,169,960,540,7,Haakon_frame_00169.jpg
1,65,321,299,169,960,540,13,Oscar_frame_00169.jpg
680,236,207,224,170,960,540,6,George_frame_00170.jpg
617,2,224,321,170,960,540,4,Edward_frame_00170.jpg
116,110,398,427,170,960,540,7,Haakon_frame_00170.jpg
1,72,325,296,170,960,540,13,Oscar_frame_00170.jpg
691,231,199,232,171,960,540,6,George_frame_00171.jpg
623,3,200,314,171,960,540,4,Edward_frame_00171.jpg
138,108,377,425,171,960,540,7,Haakon_frame_00171.jpg
1,74,320,297,171,960,540,13,Oscar_frame_00171.jpg
704,228,198,231,172,960,540,6,George_frame_00172.jpg
628,4,209,298,172,960,540,4,Edward_frame_00172.jpg
175,90,410,430,172,960,540,7,Haakon_frame_00172.jpg
1,93,317,276,172,960,540,13,Oscar_frame_00172.jpg
701,218,207,233,173,960,540,6,George_frame_00173.jpg
635,3,196,281,173,960,540,4,Edward_frame_00173.jpg
157,79,501,450,173,960,540,7,Haakon_frame_00173.jpg
1,108,278,248,173,960,540,13,Oscar_frame_00173.jpg
713,203,193,247,174,960,540,6,George_frame_00174.jpg
647,3,184,275,174,960,540,4,Edward_frame_00174.jpg
120,72,581,469,174,960,540,7,Haakon_frame_00174.jpg
1,94,292,278,174,960,540,13,Oscar_frame_00174.jpg
709,170,197,283,175,960,540,6,George_frame_00175.jpg
653,2,182,267,175,960,540,4,Edward_frame_00175.jpg
161,77,556,457,175,960,540,7,Haakon_frame_00175.jpg
1,143,266,226,175,960,540,13,Oscar_frame_00175.jpg
718,172,196,275,176,960,540,6,George_frame_00176.jpg
646,3,182,284,176,960,540,4,Edward_frame_00176.jpg
188,70,526,471,176,960,540,7,Haakon_frame_00176.jpg
1,88,240,271,176,960,540,13,Oscar_frame_00176.jpg
722,165,197,286,177,960,540,6,George_frame_00177.jpg
656,3,160,239,177,960,540,4,Edward_frame_00177.jpg
208,71,533,470,177,960,540,7,Haakon_frame_00177.jpg
1,110,231,261,177,960,540,13,Oscar_frame_00177.jpg
725,176,195,272,178,960,540,6,George_frame_00178.jpg
128,123,137,215,178,960,540,17,William_frame_00178.jpg
649,8,170,232,178,960,540,4,Edward_frame_00178.jpg
251,72,494,467,178,960,540,7,Haakon_frame_00178.jpg
1,125,206,253,178,960,540,13,Oscar_frame_00178.jpg
737,173,185,274,179,960,540,6,George_frame_00179.jpg
135,125,140,200,179,960,540,17,William_frame_00179.jpg
639,3,184,220,179,960,540,4,Edward_frame_00179.jpg
313,65,477,476,179,960,540,7,Haakon_frame_00179.jpg
25,149,180,233,179,960,540,13,Oscar_frame_00179.jpg
749,184,172,257,180,960,540,6,George_frame_00180.jpg
139,116,167,212,180,960,540,17,William_frame_00180.jpg
644,3,184,211,180,960,540,4,Edward_frame_00180.jpg
320,56,498,478,180,960,540,7,Haakon_frame_00180.jpg
767,176,179,265,181,960,540,6,George_frame_00181.jpg
146,135,164,182,181,960,540,17,William_frame_00181.jpg
639,4,205,198,181,960,540,4,Edward_frame_00181.jpg
355,50,506,491,181,960,540,7,Haakon_frame_00181.jpg
1,110,171,333,181,960,540,16,Wilhelm_frame_00181.jpg
784,173,167,241,182,960,540,6,George_frame_00182.jpg
155,144,174,196,182,960,540,17,William_frame_00182.jpg
620,4,235,223,182,960,540,4,Edward_frame_00182.jpg
371,46,509,495,182,960,540,7,Haakon_frame_00182.jpg
1,123,236,325,182,960,540,16,Wilhelm_frame_00182.jpg
814,175,137,250,183,960,540,6,George_frame_00183.jpg
177,146,140,186,183,960,540,17,William_frame_00183.jpg
608,3,251,239,183,960,540,4,Edward_frame_00183.jpg
399,47,482,489,183,960,540,7,Haakon_frame_00183.jpg
1,121,253,324,183,960,540,16,Wilhelm_frame_00183.jpg
815,184,146,236,184,960,540,6,George_frame_00184.jpg
185,143,159,191,184,960,540,17,William_frame_00184.jpg
603,8,164,211,184,960,540,4,Edward_frame_00184.jpg
1,67,168,130,184,960,540,10,James_frame_00184.jpg
395,47,476,494,184,960,540,7,Haakon_frame_00184.jpg
1,117,249,299,184,960,540,16,Wilhelm_frame_00184.jpg
828,209,133,218,185,960,540,6,George_frame_00185.jpg
198,152,144,176,185,960,540,17,William_frame_00185.jpg
587,5,179,219,185,960,540,4,Edward_frame_00185.jpg
1,59,215,130,185,960,540,10,James_frame_00185.jpg
398,44,496,494,185,960,540,7,Haakon_frame_00185.jpg
24,112,233,311,185,960,540,16,Wilhelm_frame_00185.jpg
840,215,121,215,186,960,540,6,George_frame_00186.jpg
211,144,147,198,186,960,540,17,William_frame_00186.jpg
600,4,177,249,186,960,540,4,Edward_frame_00186.jpg
1,65,266,134,186,960,540,10,James_frame_00186.jpg
445,52,452,489,186,960,540,7,Haakon_frame_00186.jpg
71,119,224,303,186,960,540,16,Wilhelm_frame_00186.jpg
248,161,113,165,187,960,540,17,William_frame_00187.jpg
614,1,164,273,187,960,540,4,Edward_frame_00187.jpg
1,72,306,128,187,960,540,10,James_frame_00187.jpg
1,185,101,356,187,960,540,8,Harald_frame_00187.jpg
460,56,458,480,187,960,540,7,Haakon_frame_00187.jpg
104,125,207,307,187,960,540,16,Wilhelm_frame_00187.jpg
572,1,207,262,188,960,540,4,Edward_frame_00188.jpg
22,67,301,134,188,960,540,10,James_frame_00188.jpg
1,193,125,348,188,960,540,8,Harald_frame_00188.jpg
462,52,477,489,188,960,540,7,Haakon_frame_00188.jpg
107,134,263,290,188,960,540,16,Wilhelm_frame_00188.jpg
596,1,167,284,189,960,540,4,Edward_frame_00189.jpg
35,71,293,134,189,960,540,10,James_frame_00189.jpg
1,183,134,358,189,960,540,8,Harald_frame_00189.jpg
478,51,467,484,189,960,540,7,Haakon_frame_00189.jpg
104,149,298,288,189,960,540,16,Wilhelm_frame_00189.jpg
570,5,190,266,190,960,540,4,Edward_frame_00190.jpg
20,61,314,158,190,960,540,10,James_frame_00190.jpg
1,180,167,361,190,960,540,8,Harald_frame_00190.jpg
488,56,454,485,190,960,540,7,Haakon_frame_00190.jpg
124,142,275,292,190,960,540,16,Wilhelm_frame_00190.jpg
567,1,180,302,191,960,540,4,Edward_frame_00191.jpg
34,70,296,158,191,960,540,10,James_frame_00191.jpg
1,185,188,356,191,960,540,8,Harald_frame_00191.jpg
520,57,434,484,191,960,540,7,Haakon_frame_00191.jpg
138,143,274,287,191,960,540,16,Wilhelm_frame_00191.jpg
562,2,171,308,192,960,540,4,Edward_frame_00192.jpg
11,71,338,161,192,960,540,10,James_frame_00192.jpg
1,197,209,344,192,960,540,8,Harald_frame_00192.jpg
521,65,435,474,192,960,540,7,Haakon_frame_00192.jpg
166,152,257,275,192,960,540,16,Wilhelm_frame_00192.jpg
558,1,170,318,193,960,540,4,Edward_frame_00193.jpg
50,75,317,167,193,960,540,10,James_frame_00193.jpg
1,220,230,321,193,960,540,8,Harald_frame_00193.jpg
508,77,450,464,193,960,540,7,Haakon_frame_00193.jpg
195,174,246,265,193,960,540,16,Wilhelm_frame_00193.jpg
540,1,198,322,194,960,540,4,Edward_frame_00194.jpg
1,83,394,172,194,960,540,10,James_frame_00194.jpg
1,220,251,321,194,960,540,8,Harald_frame_00194.jpg
493,80,463,458,194,960,540,7,Haakon_frame_00194.jpg
201,206,268,246,194,960,540,16,Wilhelm_frame_00194.jpg
541,9,208,314,195,960,540,4,Edward_frame_00195.jpg
1,50,408,225,195,960,540,10,James_frame_00195.jpg
1,223,260,317,195,960,540,8,Harald_frame_00195.jpg
532,84,430,457,195,960,540,7,Haakon_frame_00195.jpg
221,221,262,216,195,960,540,16,Wilhelm_frame_00195.jpg
523,5,230,317,196,960,540,4,Edward_frame_00196.jpg
1,51,416,226,196,960,540,10,James_frame_00196.jpg
17,222,281,319,196,960,540,8,Harald_frame_00196.jpg
554,107,407,434,196,960,540,7,Haakon_frame_00196.jpg
219,215,263,251,196,960,540,16,Wilhelm_frame_00196.jpg
520,9,210,322,197,960,540,4,Edward_frame_00197.jpg
1,72,404,219,197,960,540,10,James_frame_00197.jpg
1,217,314,324,197,960,540,8,Harald_frame_00197.jpg
557,101,404,440,197,960,540,7,Haakon_frame_00197.jpg
245,223,236,233,197,960,540,16,Wilhelm_frame_00197.jpg
488,14,242,320,198,960,540,4,Edward_frame_00198.jpg
1,80,403,211,198,960,540,10,James_frame_00198.jpg
41,223,278,317,198,960,540,8,Harald_frame_00198.jpg
557,113,404,428,198,960,540,7,Haakon_frame_00198.jpg
252,242,228,226,198,960,540,16,Wilhelm_frame_00198.jpg
472,11,269,335,199,960,540,4,Edward_frame_00199.jpg
11,81,383,254,199,960,540,10,James_frame_00199.jpg
54,233,277,303,199,960,540,8,Harald_frame_00199.jpg
563,118,398,423,199,960,540,7,Haakon_frame_00199.jpg
263,248,235,233,199,960,540,16,Wilhelm_frame_00199.jpg
463,11,284,335,200,960,540,4,Edward_frame_00200.jpg
61,88,292,247,200,960,540,10,James_frame_00200.jpg
68,233,280,305,200,960,540,8,Harald_frame_00200.jpg
569,122,392,419,200,960,540,7,Haakon_frame_00200.jpg
263,248,246,225,200,960,540,16,Wilhelm_frame_00200.jpg
474,11,291,335,201,960,540,4,Edward_frame_00201.jpg
72,97,300,264,201,960,540,10,James_frame_00201.jpg
85,236,274,299,201,960,540,8,Harald_frame_00201.jpg
574,125,387,416,201,960,540,7,Haakon_frame_00201.jpg
270,242,236,215,201,960,540,16,Wilhelm_frame_00201.jpg
476,14,290,338,202,960,540,4,Edward_frame_00202.jpg
110,96,244,239,202,960,540,10,James_frame_00202.jpg
115,240,233,301,202,960,540,8,Harald_frame_00202.jpg
578,127,383,414,202,960,540,7,Haakon_frame_00202.jpg
291,257,224,202,202,960,540,16,Wilhelm_frame_00202.jpg
483,19,311,366,203,960,540,4,Edward_frame_00203.jpg
146,107,202,218,203,960,540,10,James_frame_00203.jpg
123,240,247,298,203,960,540,8,Harald_frame_00203.jpg
594,134,367,407,203,960,540,7,Haakon_frame_00203.jpg
315,264,209,206,203,960,540,16,Wilhelm_frame_00203.jpg
481,19,311,359,204,960,540,4,Edward_frame_00204.jpg
186,109,176,218,204,960,540,10,James_frame_00204.jpg
138,242,246,296,204,960,540,8,Harald_frame_00204.jpg
631,145,330,396,204,960,540,7,Haakon_frame_00204.jpg
327,268,197,208,204,960,540,16,Wilhelm_frame_00204.jpg
455,17,346,355,205,960,540,4,Edward_frame_00205.jpg
182,113,182,222,205,960,540,10,James_frame_00205.jpg
151,248,247,287,205,960,540,8,Harald_frame_00205.jpg
635,150,326,391,205,960,540,7,Haakon_frame_00205.jpg
340,268,190,214,205,960,540,16,Wilhelm_frame_00205.jpg
458,30,346,335,206,960,540,4,Edward_frame_00206.jpg
188,107,153,260,206,960,540,10,James_frame_00206.jpg
176,248,242,290,206,960,540,8,Harald_frame_00206.jpg
631,146,330,395,206,960,540,7,Haakon_frame_00206.jpg
357,277,182,215,206,960,540,16,Wilhelm_frame_00206.jpg
439,29,371,339,207,960,540,4,Edward_frame_00207.jpg
177,109,161,279,207,960,540,10,James_frame_00207.jpg
192,255,255,284,207,960,540,8,Harald_frame_00207.jpg
644,160,317,381,207,960,540,7,Haakon_frame_00207.jpg
386,281,154,215,207,960,540,16,Wilhelm_frame_00207.jpg
443,33,375,342,208,960,540,4,Edward_frame_00208.jpg
185,109,158,253,208,960,540,10,James_frame_00208.jpg
200,252,281,287,208,960,540,8,Harald_frame_00208.jpg
644,155,317,386,208,960,540,7,Haakon_frame_00208.jpg
458,284,95,201,208,960,540,16,Wilhelm_frame_00208.jpg
447,44,374,337,209,960,540,4,Edward_frame_00209.jpg
190,107,155,280,209,960,540,10,James_frame_00209.jpg
194,223,334,311,209,960,540,8,Harald_frame_00209.jpg
678,158,283,383,209,960,540,7,Haakon_frame_00209.jpg
446,44,375,334,210,960,540,4,Edward_frame_00210.jpg
218,126,139,236,210,960,540,10,James_frame_00210.jpg
232,218,311,320,210,960,540,8,Harald_frame_00210.jpg
691,170,270,371,210,960,540,7,Haakon_frame_00210.jpg
448,44,373,341,211,960,540,4,Edward_frame_00211.jpg
236,109,126,265,211,960,540,10,James_frame_00211.jpg
275,226,274,309,211,960,540,8,Harald_frame_00211.jpg
689,162,272,379,211,960,540,7,Haakon_frame_00211.jpg
474,49,326,323,212,960,540,4,Edward_frame_00212.jpg
245,107,142,249,212,960,540,10,James_frame_00212.jpg
270,222,295,316,212,960,540,8,Harald_frame_00212.jpg
692,188,269,353,212,960,540,7,Haakon_frame_00212.jpg
313,237,175,140,213,960,540,17,William_frame_00213.jpg
491,58,302,333,213,960,540,4,Edward_frame_00213.jpg
260,102,141,238,213,960,540,10,James_frame_00213.jpg
309,221,301,316,213,960,540,8,Harald_frame_00213.jpg
704,195,257,346,213,960,540,7,Haakon_frame_00213.jpg
1,80,137,206,213,960,540,5,Friedrich_frame_00213.jpg
323,237,166,138,214,960,540,17,William_frame_00214.jpg
498,54,276,296,214,960,540,4,Edward_frame_00214.jpg
270,81,144,263,214,960,540,10,James_frame_00214.jpg
351,226,320,314,214,960,540,8,Harald_frame_00214.jpg
698,184,263,357,214,960,540,7,Haakon_frame_00214.jpg
1,79,142,253,214,960,540,5,Friedrich_frame_00214.jpg
330,242,165,158,215,960,540,17,William_frame_00215.jpg
497,63,265,282,215,960,540,4,Edward_frame_00215.jpg
291,89,122,265,215,960,540,10,James_frame_00215.jpg
383,226,322,307,215,960,540,8,Harald_frame_00215.jpg
695,198,266,343,215,960,540,7,Haakon_frame_00215.jpg
393,323,149,123,215,960,540,16,Wilhelm_frame_00215.jpg
11,77,146,249,215,960,540,5,Friedrich_frame_00215.jpg
330,260,164,181,216,960,540,17,William_frame_00216.jpg
495,76,242,281,216,960,540,4,Edward_frame_00216.jpg
284,93,130,251,216,960,540,10,James_frame_00216.jpg
425,233,291,302,216,960,540,8,Harald_frame_00216.jpg
752,248,209,293,216,960,540,7,Haakon_frame_00216.jpg
398,331,147,141,216,960,540,16,Wilhelm_frame_00216.jpg
34,77,177,290,216,960,540,5,Friedrich_frame_00216.jpg
323,268,169,188,217,960,540,17,William_frame_00217.jpg
486,68,230,312,217,960,540,4,Edward_frame_00217.jpg
297,102,138,239,217,960,540,10,James_frame_00217.jpg
473,228,284,313,217,960,540,8,Harald_frame_00217.jpg
792,283,169,258,217,960,540,7,Haakon_frame_00217.jpg
401,338,140,154,217,960,540,16,Wilhelm_frame_00217.jpg
44,77,219,279,217,960,540,5,Friedrich_frame_00217.jpg
318,273,176,188,218,960,540,17,William_frame_00218.jpg
494,77,221,319,218,960,540,4,Edward_frame_00218.jpg
311,104,148,215,218,960,540,10,James_frame_00218.jpg
530,218,275,323,218,960,540,8,Harald_frame_00218.jpg
796,283,165,258,218,960,540,7,Haakon_frame_00218.jpg
407,329,152,173,218,960,540,16,Wilhelm_frame_00218.jpg
58,76,245,269,218,960,540,5,Friedrich_frame_00218.jpg
302,278,207,170,219,960,540,17,William_frame_00219.jpg
530,86,173,319,219,960,540,4,Edward_frame_00219.jpg
300,98,169,235,219,960,540,10,James_frame_00219.jpg
555,215,302,326,219,960,540,8,Harald_frame_00219.jpg
805,301,156,240,219,960,540,7,Haakon_frame_00219.jpg
1,165,81,280,219,960,540,13,Oscar_frame_00219.jpg
385,307,184,206,219,960,540,16,Wilhelm_frame_00219.jpg
80,83,217,274,219,960,540,5,Friedrich_frame_00219.jpg
305,282,204,135,220,960,540,17,William_frame_00220.jpg
553,88,173,326,220,960,540,4,Edward_frame_00220.jpg
346,104,135,198,220,960,540,10,James_frame_00220.jpg
573,211,309,330,220,960,540,8,Harald_frame_00220.jpg
833,331,128,210,220,960,540,7,Haakon_frame_00220.jpg
1,183,70,254,220,960,540,13,Oscar_frame_00220.jpg
392,308,151,197,220,960,540,16,Wilhelm_frame_00220.jpg
101,83,212,281,220,960,540,5,Friedrich_frame_00220.jpg
300,284,215,132,221,960,540,17,William_frame_00221.jpg
561,88,186,347,221,960,540,4,Edward_frame_00221.jpg
371,96,138,216,221,960,540,10,James_frame_00221.jpg
614,208,298,333,221,960,540,8,Harald_frame_00221.jpg
851,345,110,196,221,960,540,7,Haakon_frame_00221.jpg
1,183,97,251,221,960,540,13,Oscar_frame_00221.jpg
377,307,183,211,221,960,540,16,Wilhelm_frame_00221.jpg
111,80,252,272,221,960,540,5,Friedrich_frame_00221.jpg
308,289,227,125,222,960,540,17,William_frame_00222.jpg
583,102,189,327,222,960,540,4,Edward_frame_00222.jpg
383,95,163,224,222,960,540,10,James_frame_00222.jpg
614,209,299,332,222,960,540,8,Harald_frame_00222.jpg
862,350,99,191,222,960,540,7,Haakon_frame_00222.jpg
11,185,83,221,222,960,540,13,Oscar_frame_00222.jpg
365,305,203,235,222,960,540,16,Wilhelm_frame_00222.jpg
125,83,251,265,222,960,540,5,Friedrich_frame_00222.jpg
316,273,227,148,223,960,540,17,William_frame_00223.jpg
593,121,201,316,223,960,540,4,Edward_frame_00223.jpg
383,107,189,211,223,960,540,10,James_frame_00223.jpg
664,215,272,326,223,960,540,8,Harald_frame_00223.jpg
860,375,101,166,223,960,540,7,Haakon_frame_00223.jpg
47,167,68,265,223,960,540,13,Oscar_frame_00223.jpg
374,284,202,250,223,960,540,16,Wilhelm_frame_00223.jpg
115,95,269,251,223,960,540,5,Friedrich_frame_00223.jpg
297,279,263,143,224,960,540,17,William_frame_00224.jpg
638,128,183,299,224,960,540,4,Edward_frame_00224.jpg
380,109,198,209,224,960,540,10,James_frame_00224.jpg
695,208,255,327,224,960,540,8,Harald_frame_00224.jpg
888,401,73,140,224,960,540,7,Haakon_frame_00224.jpg
372,290,185,251,224,960,540,16,Wilhelm_frame_00224.jpg
130,95,270,261,224,960,540,5,Friedrich_frame_00224.jpg
312,283,275,143,225,960,540,17,William_frame_00225.jpg
1,191,161,350,225,960,540,9,Henry_frame_00225.jpg
633,144,209,282,225,960,540,4,Edward_frame_00225.jpg
411,101,168,199,225,960,540,10,James_frame_00225.jpg
710,206,250,335,225,960,540,8,Harald_frame_00225.jpg
370,293,182,237,225,960,540,16,Wilhelm_frame_00225.jpg
127,93,279,265,225,960,540,5,Friedrich_frame_00225.jpg
323,290,253,137,226,960,540,17,William_frame_00226.jpg
1,189,182,337,226,960,540,9,Henry_frame_00226.jpg
675,173,199,266,226,960,540,4,Edward_frame_00226.jpg
390,102,198,223,226,960,540,10,James_frame_00226.jpg
744,218,217,323,226,960,540,8,Harald_frame_00226.jpg
389,281,145,251,226,960,540,16,Wilhelm_frame_00226.jpg
153,89,295,281,226,960,540,5,Friedrich_frame_00226.jpg
326,281,248,149,227,960,540,17,William_frame_00227.jpg
1,184,192,342,227,960,540,9,Henry_frame_00227.jpg
676,186,226,245,227,960,540,4,Edward_frame_00227.jpg
397,107,196,217,227,960,540,10,James_frame_00227.jpg
725,213,236,328,227,960,540,8,Harald_frame_00227.jpg
401,290,166,236,227,960,540,16,Wilhelm_frame_00227.jpg
182,80,311,266,227,960,540,5,Friedrich_frame_00227.jpg
323,270,239,159,228,960,540,17,William_frame_00228.jpg
1,185,182,332,228,960,540,9,Henry_frame_00228.jpg
697,198,215,235,228,960,540,4,Edward_frame_00228.jpg
376,102,230,205,228,960,540,10,James_frame_00228.jpg
792,211,169,330,228,960,540,8,Harald_frame_00228.jpg
403,293,179,234,228,960,540,16,Wilhelm_frame_00228.jpg
193,76,317,257,228,960,540,5,Friedrich_frame_00228.jpg
316,303,202,153,229,960,540,17,William_frame_00229.jpg
1,189,228,323,229,960,540,9,Henry_frame_00229.jpg
716,194,182,220,229,960,540,4,Edward_frame_00229.jpg
386,100,218,235,229,960,540,10,James_frame_00229.jpg
800,206,161,335,229,960,540,8,Harald_frame_00229.jpg
1,176,139,200,229,960,540,13,Oscar_frame_00229.jpg
394,281,281,246,229,960,540,16,Wilhelm_frame_00229.jpg
218,79,299,240,229,960,540,5,Friedrich_frame_00229.jpg
317,298,212,158,230,960,540,17,William_frame_00230.jpg
11,194,286,302,230,960,540,9,Henry_frame_00230.jpg
385,96,266,220,230,960,540,10,James_frame_00230.jpg
787,204,174,337,230,960,540,8,Harald_frame_00230.jpg
1,167,170,206,230,960,540,13,Oscar_frame_00230.jpg
377,281,322,250,230,960,540,16,Wilhelm_frame_00230.jpg
250,80,275,232,230,960,540,5,Friedrich_frame_00230.jpg
346,299,174,148,231,960,540,17,William_frame_00231.jpg
53,206,303,285,231,960,540,9,Henry_frame_00231.jpg
402,100,284,236,231,960,540,10,James_frame_00231.jpg
801,212,160,329,231,960,540,8,Harald_frame_00231.jpg
1,173,187,226,231,960,540,13,Oscar_frame_00231.jpg
372,284,338,252,231,960,540,16,Wilhelm_frame_00231.jpg
314,79,214,221,231,960,540,5,Friedrich_frame_00231.jpg
344,296,173,149,232,960,540,17,William_frame_00232.jpg
61,205,293,313,232,960,540,9,Henry_frame_00232.jpg
388,96,287,237,232,960,540,10,James_frame_00232.jpg
779,208,182,333,232,960,540,8,Harald_frame_00232.jpg
1,169,196,226,232,960,540,13,Oscar_frame_00232.jpg
390,274,331,267,232,960,540,16,Wilhelm_frame_00232.jpg
367,77,190,194,232,960,540,5,Friedrich_frame_00232.jpg
346,298,168,148,233,960,540,17,William_frame_00233.jpg
60,207,309,290,233,960,540,9,Henry_frame_00233.jpg
448,98,231,227,233,960,540,10,James_frame_00233.jpg
754,227,207,314,233,960,540,8,Harald_frame_00233.jpg
1,162,176,238,233,960,540,13,Oscar_frame_00233.jpg
404,272,365,248,233,960,540,16,Wilhelm_frame_00233.jpg
339,74,252,214,233,960,540,5,Friedrich_frame_00233.jpg
383,295,125,151,234,960,540,17,William_frame_00234.jpg
114,206,279,317,234,960,540,9,Henry_frame_00234.jpg
456,97,232,239,234,960,540,10,James_frame_00234.jpg
744,252,217,289,234,960,540,8,Harald_frame_00234.jpg
1,170,239,280,234,960,540,13,Oscar_frame_00234.jpg
427,274,395,240,234,960,540,16,Wilhelm_frame_00234.jpg
401,75,180,216,234,960,540,5,Friedrich_frame_00234.jpg
76,202,413,326,235,960,540,9,Henry_frame_00235.jpg
509,100,235,257,235,960,540,10,James_frame_00235.jpg
741,257,220,284,235,960,540,8,Harald_frame_00235.jpg
1,175,284,292,235,960,540,13,Oscar_frame_00235.jpg
487,273,295,256,235,960,540,16,Wilhelm_frame_00235.jpg
447,77,149,184,235,960,540,5,Friedrich_frame_00235.jpg
177,214,368,320,236,960,540,9,Henry_frame_00236.jpg
520,101,291,241,236,960,540,10,James_frame_00236.jpg
754,266,203,275,236,960,540,8,Harald_frame_00236.jpg
1,188,336,246,236,960,540,13,Oscar_frame_00236.jpg
518,284,259,245,236,960,540,16,Wilhelm_frame_00236.jpg
453,75,165,177,236,960,540,5,Friedrich_frame_00236.jpg
213,210,336,299,237,960,540,9,Henry_frame_00237.jpg
535,114,284,247,237,960,540,10,James_frame_00237.jpg
758,264,203,272,237,960,540,8,Harald_frame_00237.jpg
1,187,344,256,237,960,540,13,Oscar_frame_00237.jpg
540,305,248,228,237,960,540,16,Wilhelm_frame_00237.jpg
491,76,149,182,237,960,540,5,Friedrich_frame_00237.jpg
287,215,308,299,238,960,540,9,Henry_frame_00238.jpg
572,110,253,249,238,960,540,10,James_frame_00238.jpg
750,275,211,266,238,960,540,8,Harald_frame_00238.jpg
14,189,334,265,238,960,540,13,Oscar_frame_00238.jpg
573,322,217,188,238,960,540,16,Wilhelm_frame_00238.jpg
504,77,166,189,238,960,540,5,Friedrich_frame_00238.jpg
295,216,342,317,239,960,540,9,Henry_frame_00239.jpg
603,117,224,250,239,960,540,10,James_frame_00239.jpg
770,275,191,266,239,960,540,8,Harald_frame_00239.jpg
41,183,327,247,239,960,540,13,Oscar_frame_00239.jpg
623,327,215,149,239,960,540,16,Wilhelm_frame_00239.jpg
479,80,200,206,239,960,540,5,Friedrich_frame_00239.jpg
1,359,159,182,240,960,540,2,Bertie_frame_00240.jpg
323,198,358,335,240,960,540,9,Henry_frame_00240.jpg
644,116,187,242,240,960,540,10,James_frame_00240.jpg
788,277,173,264,240,960,540,8,Harald_frame_00240.jpg
54,191,312,234,240,960,540,13,Oscar_frame_00240.jpg
507,84,179,210,240,960,540,5,Friedrich_frame_00240.jpg
1,354,170,187,241,960,540,2,Bertie_frame_00241.jpg
395,191,309,323,241,960,540,9,Henry_frame_00241.jpg
663,107,174,291,241,960,540,10,James_frame_00241.jpg
820,345,141,196,241,960,540,8,Harald_frame_00241.jpg
110,197,289,248,241,960,540,13,Oscar_frame_00241.jpg
502,79,190,215,241,960,540,5,Friedrich_frame_00241.jpg
1,356,172,185,242,960,540,2,Bertie_frame_00242.jpg
416,194,314,308,242,960,540,9,Henry_frame_00242.jpg
676,105,168,293,242,960,540,10,James_frame_00242.jpg
838,345,123,196,242,960,540,8,Harald_frame_00242.jpg
107,197,320,244,242,960,540,13,Oscar_frame_00242.jpg
525,83,163,228,242,960,540,5,Friedrich_frame_00242.jpg
1,356,184,185,243,960,540,2,Bertie_frame_00243.jpg
402,197,324,321,243,960,540,9,Henry_frame_00243.jpg
691,98,162,290,243,960,540,10,James_frame_00243.jpg
860,362,101,179,243,960,540,8,Harald_frame_00243.jpg
116,195,327,240,243,960,540,13,Oscar_frame_00243.jpg
516,72,193,249,243,960,540,5,Friedrich_frame_00243.jpg
1,356,221,185,244,960,540,2,Bertie_frame_00244.jpg
421,185,302,356,244,960,540,9,Henry_frame_00244.jpg
704,93,170,311,244,960,540,10,James_frame_00244.jpg
166,200,278,247,244,960,540,13,Oscar_frame_00244.jpg
540,77,188,236,244,960,540,5,Friedrich_frame_00244.jpg
1,344,285,197,245,960,540,2,Bertie_frame_00245.jpg
442,173,291,368,245,960,540,9,Henry_frame_00245.jpg
705,97,172,315,245,960,540,10,James_frame_00245.jpg
221,194,254,260,245,960,540,13,Oscar_frame_00245.jpg
540,72,198,252,245,960,540,5,Friedrich_frame_00245.jpg
1,335,363,206,246,960,540,2,Bertie_frame_00246.jpg
437,165,321,342,246,960,540,9,Henry_frame_00246.jpg
723,98,151,291,246,960,540,10,James_frame_00246.jpg
237,197,270,240,246,960,540,13,Oscar_frame_00246.jpg
532,74,215,251,246,960,540,5,Friedrich_frame_00246.jpg
1,338,382,203,247,960,540,2,Bertie_frame_00247.jpg
401,305,137,149,247,960,540,17,William_frame_00247.jpg
458,165,296,362,247,960,540,9,Henry_frame_00247.jpg
740,89,137,272,247,960,540,10,James_frame_00247.jpg
232,200,288,200,247,960,540,13,Oscar_frame_00247.jpg
530,70,235,257,247,960,540,5,Friedrich_frame_00247.jpg
5,342,381,199,248,960,540,2,Bertie_frame_00248.jpg
406,298,150,164,248,960,540,17,William_frame_00248.jpg
477,164,286,377,248,960,540,9,Henry_frame_00248.jpg
753,75,135,314,248,960,540,10,James_frame_00248.jpg
309,193,217,221,248,960,540,13,Oscar_frame_00248.jpg
554,62,245,254,248,960,540,5,Friedrich_frame_00248.jpg
32,342,356,199,249,960,540,2,Bertie_frame_00249.jpg
405,307,161,147,249,960,540,17,William_frame_00249.jpg
503,168,287,351,249,960,540,9,Henry_frame_00249.jpg
749,110,166,267,249,960,540,10,James_frame_00249.jpg
371,195,197,152,249,960,540,13,Oscar_frame_00249.jpg
567,65,291,249,249,960,540,5,Friedrich_frame_00249.jpg
71,344,345,197,250,960,540,2,Bertie_frame_00250.jpg
418,316,154,142,250,960,540,17,William_frame_00250.jpg
520,163,275,368,250,960,540,9,Henry_frame_00250.jpg
758,107,162,261,250,960,540,10,James_frame_00250.jpg
379,202,245,164,250,960,540,13,Oscar_frame_00250.jpg
611,56,274,249,250,960,540,5,Friedrich_frame_00250.jpg
874,235,87,306,250,960,540,11,Nicholas_frame_00250.jpg
94,338,380,203,251,960,540,2,Bertie_frame_00251.jpg
422,314,158,111,251,960,540,17,William_frame_00251.jpg
474,151,344,372,251,960,540,9,Henry_frame_00251.jpg
767,112,165,271,251,960,540,10,James_frame_00251.jpg
403,200,255,155,251,960,540,13,Oscar_frame_00251.jpg
761,67,117,133,251,960,540,5,Friedrich_frame_00251.jpg
868,164,93,377,251,960,540,11,Nicholas_frame_00251.jpg
94,346,445,195,252,960,540,2,Bertie_frame_00252.jpg
418,307,163,116,252,960,540,17,William_frame_00252.jpg
515,158,296,375,252,960,540,9,Henry_frame_00252.jpg
764,112,159,272,252,960,540,10,James_frame_00252.jpg
412,194,259,167,252,960,540,13,Oscar_frame_00252.jpg
790,65,82,132,252,960,540,5,Friedrich_frame_00252.jpg
881,175,80,366,252,960,540,11,Nicholas_frame_00252.jpg
88,346,468,195,253,960,540,2,Bertie_frame_00253.jpg
371,296,226,122,253,960,540,17,William_frame_00253.jpg
540,158,265,371,253,960,540,9,Henry_frame_00253.jpg
789,102,135,275,253,960,540,10,James_frame_00253.jpg
491,178,170,153,253,960,540,13,Oscar_frame_00253.jpg
812,49,88,155,253,960,540,5,Friedrich_frame_00253.jpg
849,168,112,373,253,960,540,11,Nicholas_frame_00253.jpg
131,341,422,200,254,960,540,2,Bertie_frame_00254.jpg
368,290,227,143,254,960,540,17,William_frame_00254.jpg
515,151,294,383,254,960,540,9,Henry_frame_00254.jpg
800,116,152,235,254,960,540,10,James_frame_00254.jpg
504,180,188,149,254,960,540,13,Oscar_frame_00254.jpg
814,56,137,146,254,960,540,5,Friedrich_frame_00254.jpg
826,159,135,382,254,960,540,11,Nicholas_frame_00254.jpg
104,340,451,201,255,960,540,2,Bertie_frame_00255.jpg
313,298,303,132,255,960,540,17,William_frame_00255.jpg
535,163,317,354,255,960,540,9,Henry_frame_00255.jpg
839,114,112,189,255,960,540,10,James_frame_00255.jpg
530,182,208,160,255,960,540,13,Oscar_frame_00255.jpg
861,56,98,89,255,960,540,5,Friedrich_frame_00255.jpg
858,193,103,348,255,960,540,11,Nicholas_frame_00255.jpg
146,332,434,209,256,960,540,2,Bertie_frame_00256.jpg
296,296,322,149,256,960,540,17,William_frame_00256.jpg
566,231,368,292,256,960,540,9,Henry_frame_00256.jpg
842,110,109,110,256,960,540,10,James_frame_00256.jpg
539,175,210,160,256,960,540,13,Oscar_frame_00256.jpg
884,56,68,81,256,960,540,5,Friedrich_frame_00256.jpg
827,205,134,336,256,960,540,11,Nicholas_frame_00256.jpg
149,315,463,226,257,960,540,2,Bertie_frame_00257.jpg
287,290,324,147,257,960,540,17,William_frame_00257.jpg
588,257,329,266,257,960,540,9,Henry_frame_00257.jpg
803,105,152,156,257,960,540,10,James_frame_00257.jpg
551,169,206,169,257,960,540,13,Oscar_frame_00257.jpg
858,45,88,106,257,960,540,5,Friedrich_frame_00257.jpg
832,275,129,266,257,960,540,11,Nicholas_frame_00257.jpg
185,307,435,234,258,960,540,2,Bertie_frame_00258.jpg
300,282,304,155,258,960,540,17,William_frame_00258.jpg
603,282,322,223,258,960,540,9,Henry_frame_00258.jpg
572,158,189,191,258,960,540,13,Oscar_frame_00258.jpg
800,37,151,236,258,960,540,5,Friedrich_frame_00258.jpg
818,293,143,248,258,960,540,11,Nicholas_frame_00258.jpg
211,308,398,233,259,960,540,2,Bertie_frame_00259.jpg
272,277,320,135,259,960,540,17,William_frame_00259.jpg
608,312,335,172,259,960,540,9,Henry_frame_00259.jpg
574,170,184,188,259,960,540,13,Oscar_frame_00259.jpg
767,37,190,257,259,960,540,5,Friedrich_frame_00259.jpg
830,302,131,233,259,960,540,11,Nicholas_frame_00259.jpg
216,299,400,242,260,960,540,2,Bertie_frame_00260.jpg
232,281,363,135,260,960,540,17,William_frame_00260.jpg
656,315,293,174,260,960,540,9,Henry_frame_00260.jpg
588,171,195,184,260,960,540,13,Oscar_frame_00260.jpg
798,26,163,244,260,960,540,5,Friedrich_frame_00260.jpg
819,321,142,220,260,960,540,11,Nicholas_frame_00260.jpg
227,291,392,250,261,960,540,2,Bertie_frame_00261.jpg
228,274,374,154,261,960,540,17,William_frame_00261.jpg
671,308,293,206,261,960,540,9,Henry_frame_00261.jpg
587,174,231,184,261,960,540,13,Oscar_frame_00261.jpg
810,33,151,239,261,960,540,5,Friedrich_frame_00261.jpg
847,335,114,206,261,960,540,11,Nicholas_frame_00261.jpg
1,102,108,282,261,960,540,1,Alexander_frame_00261.jpg
244,278,409,263,262,960,540,2,Bertie_frame_00262.jpg
224,287,378,134,262,960,540,17,William_frame_00262.jpg
681,299,280,182,262,960,540,9,Henry_frame_00262.jpg
564,184,239,216,262,960,540,13,Oscar_frame_00262.jpg
793,24,168,251,262,960,540,5,Friedrich_frame_00262.jpg
882,379,79,131,262,960,540,11,Nicholas_frame_00262.jpg
1,98,105,296,262,960,540,1,Alexander_frame_00262.jpg
260,275,419,266,263,960,540,2,Bertie_frame_00263.jpg
218,286,380,122,263,960,540,17,William_frame_00263.jpg
716,299,244,127,263,960,540,9,Henry_frame_00263.jpg
623,178,174,274,263,960,540,13,Oscar_frame_00263.jpg
803,5,152,273,263,960,540,5,Friedrich_frame_00263.jpg
1,98,105,287,263,960,540,1,Alexander_frame_00263.jpg
225,272,455,269,264,960,540,2,Bertie_frame_00264.jpg
206,287,403,116,264,960,540,17,William_frame_00264.jpg
764,295,198,116,264,960,540,9,Henry_frame_00264.jpg
636,160,173,261,264,960,540,13,Oscar_frame_00264.jpg
806,14,155,270,264,960,540,5,Friedrich_frame_00264.jpg
1,79,119,288,264,960,540,1,Alexander_frame_00264.jpg
239,258,436,283,265,960,540,2,Bertie_frame_00265.jpg
203,279,385,129,265,960,540,17,William_frame_00265.jpg
786,282,175,92,265,960,540,9,Henry_frame_00265.jpg
647,162,167,253,265,960,540,13,Oscar_frame_00265.jpg
811,7,150,269,265,960,540,5,Friedrich_frame_00265.jpg
1,86,161,272,265,960,540,1,Alexander_frame_00265.jpg
250,257,419,284,266,960,540,2,Bertie_frame_00266.jpg
156,260,432,165,266,960,540,17,William_frame_00266.jpg
767,273,194,110,266,960,540,9,Henry_frame_00266.jpg
636,154,182,280,266,960,540,13,Oscar_frame_00266.jpg
812,2,149,267,266,960,540,5,Friedrich_frame_00266.jpg
1,68,189,288,266,960,540,1,Alexander_frame_00266.jpg
229,254,442,287,267,960,540,2,Bertie_frame_00267.jpg
153,257,428,177,267,960,540,17,William_frame_00267.jpg
749,268,212,116,267,960,540,9,Henry_frame_00267.jpg
640,164,169,269,267,960,540,13,Oscar_frame_00267.jpg
800,4,161,257,267,960,540,5,Friedrich_frame_00267.jpg
1,72,200,279,267,960,540,1,Alexander_frame_00267.jpg
244,248,423,293,268,960,540,2,Bertie_frame_00268.jpg
148,249,419,197,268,960,540,17,William_frame_00268.jpg
726,268,235,106,268,960,540,9,Henry_frame_00268.jpg
629,160,169,275,268,960,540,13,Oscar_frame_00268.jpg
785,4,176,254,268,960,540,5,Friedrich_frame_00268.jpg
1,61,203,300,268,960,540,1,Alexander_frame_00268.jpg
267,221,398,320,269,960,540,2,Bertie_frame_00269.jpg
139,236,401,199,269,960,540,17,William_frame_00269.jpg
723,263,238,110,269,960,540,9,Henry_frame_00269.jpg
614,151,179,281,269,960,540,13,Oscar_frame_00269.jpg
789,7,172,246,269,960,540,5,Friedrich_frame_00269.jpg
1,61,201,296,269,960,540,1,Alexander_frame_00269.jpg
281,207,386,334,270,960,540,2,Bertie_frame_00270.jpg
128,233,395,236,270,960,540,17,William_frame_00270.jpg
714,245,247,123,270,960,540,9,Henry_frame_00270.jpg
596,140,184,285,270,960,540,13,Oscar_frame_00270.jpg
797,5,164,258,270,960,540,5,Friedrich_frame_00270.jpg
1,50,203,299,270,960,540,1,Alexander_frame_00270.jpg
295,203,371,338,271,960,540,2,Bertie_frame_00271.jpg
122,206,425,259,271,960,540,17,William_frame_00271.jpg
728,197,233,161,271,960,540,9,Henry_frame_00271.jpg
587,161,198,284,271,960,540,13,Oscar_frame_00271.jpg
793,3,168,251,271,960,540,5,Friedrich_frame_00271.jpg
1,58,200,307,271,960,540,1,Alexander_frame_00271.jpg
302,196,362,345,272,960,540,2,Bertie_frame_00272.jpg
95,202,440,242,272,960,540,17,William_frame_00272.jpg
714,185,247,223,272,960,540,9,Henry_frame_00272.jpg
597,162,171,259,272,960,540,13,Oscar_frame_00272.jpg
784,3,177,250,272,960,540,5,Friedrich_frame_00272.jpg
1,54,214,269,272,960,540,1,Alexander_frame_00272.jpg
299,200,370,341,273,960,540,2,Bertie_frame_00273.jpg
78,201,473,248,273,960,540,17,William_frame_00273.jpg
709,224,252,170,273,960,540,9,Henry_frame_00273.jpg
599,162,149,279,273,960,540,13,Oscar_frame_00273.jpg
758,7,203,257,273,960,540,5,Friedrich_frame_00273.jpg
1,49,238,286,273,960,540,1,Alexander_frame_00273.jpg
308,196,347,345,274,960,540,2,Bertie_frame_00274.jpg
72,215,430,215,274,960,540,17,William_frame_00274.jpg
683,270,278,138,274,960,540,9,Henry_frame_00274.jpg
601,164,152,279,274,960,540,13,Oscar_frame_00274.jpg
725,2,236,263,274,960,540,5,Friedrich_frame_00274.jpg
1,42,265,295,274,960,540,1,Alexander_frame_00274.jpg
302,185,357,356,275,960,540,2,Bertie_frame_00275.jpg
69,224,459,218,275,960,540,17,William_frame_00275.jpg
689,275,272,149,275,960,540,9,Henry_frame_00275.jpg
599,156,167,281,275,960,540,13,Oscar_frame_00275.jpg
716,2,245,270,275,960,540,5,Friedrich_frame_00275.jpg
1,44,259,296,275,960,540,1,Alexander_frame_00275.jpg
295,173,368,368,276,960,540,2,Bertie_frame_00276.jpg
67,214,452,219,276,960,540,17,William_frame_00276.jpg
684,274,277,158,276,960,540,9,Henry_frame_00276.jpg
584,165,230,269,276,960,540,13,Oscar_frame_00276.jpg
744,7,217,267,276,960,540,5,Friedrich_frame_00276.jpg
5,38,255,279,276,960,540,1,Alexander_frame_00276.jpg
281,152,377,389,277,960,540,2,Bertie_frame_00277.jpg
48,216,468,214,277,960,540,17,William_frame_00277.jpg
707,284,254,147,277,960,540,9,Henry_frame_00277.jpg
605,164,239,277,277,960,540,13,Oscar_frame_00277.jpg
747,2,195,266,277,960,540,5,Friedrich_frame_00277.jpg
11,37,244,277,277,960,540,1,Alexander_frame_00277.jpg
296,140,355,401,278,960,540,2,Bertie_frame_00278.jpg
58,221,455,210,278,960,540,17,William_frame_00278.jpg
718,269,243,137,278,960,540,9,Henry_frame_00278.jpg
581,165,266,265,278,960,540,13,Oscar_frame_00278.jpg
746,3,188,254,278,960,540,5,Friedrich_frame_00278.jpg
1,35,253,270,278,960,540,1,Alexander_frame_00278.jpg
281,143,370,398,279,960,540,2,Bertie_frame_00279.jpg
41,226,439,203,279,960,540,17,William_frame_00279.jpg
691,261,270,168,279,960,540,9,Henry_frame_00279.jpg
605,164,239,268,279,960,540,13,Oscar_frame_00279.jpg
734,4,176,252,279,960,540,5,Friedrich_frame_00279.jpg
1,33,252,281,279,960,540,1,Alexander_frame_00279.jpg
286,144,358,397,280,960,540,2,Bertie_frame_00280.jpg
48,239,434,200,280,960,540,17,William_frame_00280.jpg
707,266,254,131,280,960,540,9,Henry_frame_00280.jpg
605,175,270,223,280,960,540,13,Oscar_frame_00280.jpg
674,3,216,249,280,960,540,5,Friedrich_frame_00280.jpg
2,25,245,270,280,960,540,1,Alexander_frame_00280.jpg
267,135,370,406,281,960,540,2,Bertie_frame_00281.jpg
30,226,437,209,281,960,540,17,William_frame_00281.jpg
698,258,263,145,281,960,540,9,Henry_frame_00281.jpg
605,169,296,235,281,960,540,13,Oscar_frame_00281.jpg
672,4,226,242,281,960,540,5,Friedrich_frame_00281.jpg
11,23,249,275,281,960,540,1,Alexander_frame_00281.jpg
275,133,358,408,282,960,540,2,Bertie_frame_00282.jpg
29,209,440,223,282,960,540,17,William_frame_00282.jpg
700,257,261,146,282,960,540,9,Henry_frame_00282.jpg
601,158,283,274,282,960,540,13,Oscar_frame_00282.jpg
662,4,242,198,282,960,540,5,Friedrich_frame_00282.jpg
1,26,289,268,282,960,540,1,Alexander_frame_00282.jpg
266,131,352,410,283,960,540,2,Bertie_frame_00283.jpg
41,197,407,233,283,960,540,17,William_frame_00283.jpg
689,242,272,141,283,960,540,9,Henry_frame_00283.jpg
568,155,318,273,283,960,540,13,Oscar_frame_00283.jpg
656,5,239,197,283,960,540,5,Friedrich_frame_00283.jpg
1,21,266,279,283,960,540,1,Alexander_frame_00283.jpg
263,126,338,415,284,960,540,2,Bertie_frame_00284.jpg
32,194,430,249,284,960,540,17,William_frame_00284.jpg
683,242,278,167,284,960,540,9,Henry_frame_00284.jpg
577,155,311,272,284,960,540,13,Oscar_frame_00284.jpg
644,4,238,185,284,960,540,5,Friedrich_frame_00284.jpg
1,21,266,263,284,960,540,1,Alexander_frame_00284.jpg
271,126,323,415,285,960,540,2,Bertie_frame_00285.jpg
27,180,426,250,285,960,540,17,William_frame_00285.jpg
705,252,256,127,285,960,540,9,Henry_frame_00285.jpg
569,152,264,260,285,960,540,13,Oscar_frame_00285.jpg
659,4,209,182,285,960,540,5,Friedrich_frame_00285.jpg
1,14,264,276,285,960,540,1,Alexander_frame_00285.jpg
300,119,293,421,286,960,540,2,Bertie_frame_00286.jpg
11,181,438,245,286,960,540,17,William_frame_00286.jpg
707,258,240,140,286,960,540,9,Henry_frame_00286.jpg
535,149,255,268,286,960,540,13,Oscar_frame_00286.jpg
665,4,185,228,286,960,540,5,Friedrich_frame_00286.jpg
812,191,149,291,286,960,540,11,Nicholas_frame_00286.jpg
8,7,260,281,286,960,540,1,Alexander_frame_00286.jpg
299,122,294,414,287,960,540,2,Bertie_frame_00287.jpg
5,184,432,235,287,960,540,17,William_frame_00287.jpg
679,242,249,153,287,960,540,9,Henry_frame_00287.jpg
574,145,211,265,287,960,540,13,Oscar_frame_00287.jpg
674,4,195,226,287,960,540,5,Friedrich_frame_00287.jpg
814,181,147,312,287,960,540,11,Nicholas_frame_00287.jpg
1,5,266,263,287,960,540,1,Alexander_frame_00287.jpg
311,116,279,419,288,960,540,2,Bertie_frame_00288.jpg
1,182,441,237,288,960,540,17,William_frame_00288.jpg
667,240,253,137,288,960,540,9,Henry_frame_00288.jpg
530,146,219,274,288,960,540,13,Oscar_frame_00288.jpg
674,2,181,235,288,960,540,5,Friedrich_frame_00288.jpg
826,170,135,314,288,960,540,11,Nicholas_frame_00288.jpg
1,9,280,224,288,960,540,1,Alexander_frame_00288.jpg
323,112,263,425,289,960,540,2,Bertie_frame_00289.jpg
1,202,410,221,289,960,540,17,William_frame_00289.jpg
634,233,286,155,289,960,540,9,Henry_frame_00289.jpg
527,137,212,283,289,960,540,13,Oscar_frame_00289.jpg
671,3,180,239,289,960,540,5,Friedrich_frame_00289.jpg
806,167,155,311,289,960,540,11,Nicholas_frame_00289.jpg
6,8,314,230,289,960,540,1,Alexander_frame_00289.jpg
328,110,250,431,290,960,540,2,Bertie_frame_00290.jpg
1,205,399,212,290,960,540,17,William_frame_00290.jpg
642,257,267,141,290,960,540,9,Henry_frame_00290.jpg
499,130,227,282,290,960,540,13,Oscar_frame_00290.jpg
653,3,195,234,290,960,540,5,Friedrich_frame_00290.jpg
795,158,166,326,290,960,540,11,Nicholas_frame_00290.jpg
34,5,307,227,290,960,540,1,Alexander_frame_00290.jpg
335,116,232,425,291,960,540,2,Bertie_frame_00291.jpg
1,207,375,222,291,960,540,17,William_frame_00291.jpg
667,254,251,144,291,960,540,9,Henry_frame_00291.jpg
517,136,197,301,291,960,540,13,Oscar_frame_00291.jpg
644,1,188,234,291,960,540,5,Friedrich_frame_00291.jpg
805,118,156,365,291,960,540,11,Nicholas_frame_00291.jpg
30,5,314,245,291,960,540,1,Alexander_frame_00291.jpg
333,112,263,421,292,960,540,2,Bertie_frame_00292.jpg
1,214,362,216,292,960,540,17,William_frame_00292.jpg
632,227,278,155,292,960,540,9,Henry_frame_00292.jpg
521,128,185,270,292,960,540,13,Oscar_frame_00292.jpg
634,3,208,236,292,960,540,5,Friedrich_frame_00292.jpg
781,105,180,379,292,960,540,11,Nicholas_frame_00292.jpg
22,3,317,242,292,960,540,1,Alexander_frame_00292.jpg
308,113,302,425,293,960,540,2,Bertie_frame_00293.jpg
1,219,347,216,293,960,540,17,William_frame_00293.jpg
642,216,266,131,293,960,540,9,Henry_frame_00293.jpg
504,134,191,296,293,960,540,13,Oscar_frame_00293.jpg
629,2,205,235,293,960,540,5,Friedrich_frame_00293.jpg
761,109,200,371,293,960,540,11,Nicholas_frame_00293.jpg
1,5,338,244,293,960,540,1,Alexander_frame_00293.jpg
281,116,330,419,294,960,540,2,Bertie_frame_00294.jpg
1,207,335,223,294,960,540,17,William_frame_00294.jpg
665,219,244,147,294,960,540,9,Henry_frame_00294.jpg
629,5,209,248,294,960,540,5,Friedrich_frame_00294.jpg
735,170,226,300,294,960,540,11,Nicholas_frame_00294.jpg
11,4,322,247,294,960,540,1,Alexander_frame_00294.jpg
249,110,354,422,295,960,540,2,Bertie_frame_00295.jpg
1,198,323,235,295,960,540,17,William_frame_00295.jpg
667,202,224,143,295,960,540,9,Henry_frame_00295.jpg
608,2,225,256,295,960,540,5,Friedrich_frame_00295.jpg
714,49,247,416,295,960,540,11,Nicholas_frame_00295.jpg
2,4,333,219,295,960,540,1,Alexander_frame_00295.jpg
216,107,393,410,296,960,540,2,Bertie_frame_00296.jpg
1,194,312,242,296,960,540,17,William_frame_00296.jpg
676,197,221,138,296,960,540,9,Henry_frame_00296.jpg
605,5,226,254,296,960,540,5,Friedrich_frame_00296.jpg
697,58,264,418,296,960,540,11,Nicholas_frame_00296.jpg
38,7,290,218,296,960,540,1,Alexander_frame_00296.jpg
193,110,411,407,297,960,540,2,Bertie_frame_00297.jpg
1,196,291,228,297,960,540,17,William_frame_00297.jpg
660,196,235,136,297,960,540,9,Henry_frame_00297.jpg
598,3,224,229,297,960,540,5,Friedrich_frame_00297.jpg
677,46,284,425,297,960,540,11,Nicholas_frame_00297.jpg
38,7,285,221,297,960,540,1,Alexander_frame_00297.jpg
204,114,416,408,298,960,540,2,Bertie_frame_00298.jpg
1,198,285,226,298,960,540,17,William_frame_00298.jpg
691,197,199,121,298,960,540,9,Henry_frame_00298.jpg
596,7,215,242,298,960,540,5,Friedrich_frame_00298.jpg
709,50,252,428,298,960,540,11,Nicholas_frame_00298.jpg
25,5,293,214,298,960,540,1,Alexander_frame_00298.jpg
207,125,431,401,299,960,540,2,Bertie_frame_00299.jpg
1,206,273,215,299,960,540,17,William_frame_00299.jpg
696,191,172,135,299,960,540,9,Henry_frame_00299.jpg
603,4,213,239,299,960,540,5,Friedrich_frame_00299.jpg
712,50,249,444,299,960,540,11,Nicholas_frame_00299.jpg
32,5,281,224,299,960,540,1,Alexander_frame_00299.jpg
220,128,452,398,300,960,540,2,Bertie_frame_00300.jpg
1,205,257,219,300,960,540,17,William_frame_00300.jpg
697,191,166,152,300,960,540,9,Henry_frame_00300.jpg
599,12,227,251,300,960,540,5,Friedrich_frame_00300.jpg
686,45,275,448,300,960,540,11,Nicholas_frame_00300.jpg
11,5,296,233,300,960,540,1,Alexander_frame_00300.jpg
